Customer_ID,Membership_Tier,Customer_Since,Age,Gender,City,Occupation,Income_Level,Total_Transactions_6M,Total_Spend_6M,Average_Order_Value,Preferred_Brand,Reward_Utilization,Reward_Expiry_Risk,Purchase_Frequency,Loyalty_Engagement,Days_Since_Last_Purchase,Upgrade_Readiness,Customer_Health,Churn_Risk,favorite_category,favorite_brand,top_merchant,category_diversity,brand_diversity,spending_diversity_score,average_days_between_purchases,seasonality_score,recency,frequency,monetary,total_spend,average_order_value,purchase_frequency,days_since_last_purchase,reward_points_earned,reward_points_redeemed,reward_utilization_pct,coupon_usage_pct,reward_redemption_rate,average_reward_per_transaction,website_visits,session_duration,wishlist_added,cart_abandoned,email_click_rate,push_notification_response,app_usage_score,customer_engagement_score,online_purchase_ratio,offline_purchase_ratio,weekend_shopping_ratio,average_monthly_spend,customer_lifetime_value,estimated_annual_spend,profitability_score,customer_health_score,upgrade_readiness_score,churn_risk_score,loyalty_score,high_value_customer_flag,dormancy_flag,premium_customer_flag
C0001,Platinum,2019-09-16,54,Male,Bengaluru,CA,High,7,591703,84529.0,Apple,0.5,0.05,1.17,High,56,No,Needs Attention,Low,Smartphone,Apple,Offline,3,3,0.9821410301041575,14.666666666666666,0.49778665858977217,57,7,591703.0,591703.0,84529.0,1.1666666666666667,57,5913.0,2978.0,50.363605529572794,42.857142857142854,0.4521026256989485,844.7142857142857,73.0,22.0,0.0,0.0,0.0,0.0,100.0,78.0,0.2857142857142857,0.7142857142857143,0.42857142857142855,98617.16666666667,8116172.57,1183406.0,177481.12,40.0,0.0,10.0,81.47272110591456,0,0,1
C0002,Gold,2021-02-08,35,Male,Hyderabad,Doctor,Medium,10,962008,96200.8,Sony,0.22,0.12,1.67,High,1,No,Critical,Low,Audio,Sony,App,4,3,0.9232196694501177,19.88888888888889,0.6220637359113693,2,10,962008.0,962008.0,96200.8,1.6666666666666667,2,9615.0,2090.0,21.736869452171742,40.0,0.18414096900075685,961.5,120.0,16.1,0.0,0.0,0.0,0.0,100.0,78.0,0.7,0.3,0.4,160334.66666666666,10503731.43,1924016.0,288581.5,10.0,0.0,10.0,68.24737389043435,1,0,1
C0003,Bronze,2024-09-02,32,Male,Bengaluru,Business,Low,6,893587,148931.17,Apple,0.36,0.02,1.0,Medium,25,No,Critical,Low,Smartphone,Apple,App,4,3,0.8962406222948989,20.6,0.632585175947836,26,6,893587.0,893587.0,148931.16666666666,1.0,26,8933.0,3257.0,36.460315642605714,16.666666666666664,0.3065700298319183,1488.8333333333333,54.0,22.166666666666668,0.0,0.0,0.0,0.0,100.0,66.0,0.6666666666666666,0.3333333333333333,0.6666666666666666,148931.16666666666,3385966.89,1787174.0,268043.53,10.0,0.0,10.0,52.59206312852114,1,0,0
C0004,Gold,2025-06-19,37,Male,Bengaluru,Doctor,High,9,543387,60376.33,Bose,0.49,0.01,1.5,High,12,No,Needs Attention,Low,Speaker,Bose,Offline,2,2,0.9182958311690995,19.75,0.9776321460498745,13,9,543387.0,543387.0,60376.333333333336,1.5,13,5429.0,2678.0,49.327684565614874,55.55555555555556,0.4353055909699194,603.2222222222222,78.0,20.88888888888889,0.0,0.0,0.0,0.0,100.0,78.0,0.5555555555555556,0.4444444444444444,0.4444444444444444,90564.5,1196120.87,1086774.0,162989.32,40.0,0.0,10.0,73.76553691312297,0,0,1
C0005,Platinum,2023-03-25,41,Female,Delhi,Business,Low,8,734954,91869.25,Bose,0.44,0.09,1.33,High,27,No,Needs Attention,Low,Audio,Bose,Online,3,2,0.8194483691420859,21.285714285714285,0.5707117867526212,28,8,734954.0,734954.0,91869.25,1.3333333333333333,28,7345.0,3249.0,44.23417284651576,62.5,0.40051775098555503,918.125,88.0,20.5,0.0,0.0,0.0,0.0,100.0,78.0,1.0,0.0,0.375,122492.33333333333,4905729.92,1469908.0,220453.71,40.0,0.0,10.0,80.24683456930316,0,0,1
C0006,Gold,2020-11-12,59,Male,Hyderabad,Doctor,Low,7,494003,70571.86,Samsung,0.42,0.0,1.17,High,3,No,Needs Attention,Low,Smartphone,Samsung,App,3,1,0.8699155270429084,19.5,0.5809044987314654,4,7,494003.0,494003.0,70571.85714285714,1.1666666666666667,4,4936.0,2064.0,41.815234923388914,28.57142857142857,0.37015781856140995,705.1428571428571,69.0,16.571428571428573,0.0,0.0,0.0,0.0,100.0,78.0,0.7142857142857143,0.2857142857142857,0.42857142857142855,82333.83333333333,5631837.08,988006.0,148180.26,40.0,0.0,10.0,72.26304698467779,0,0,1
C0007,Gold,2020-08-16,52,Female,Mumbai,Business,High,7,717977,102568.14,Samsung,0.4,0.04,1.17,Medium,11,No,Needs Attention,Low,Audio,Samsung,Offline,4,3,0.9211854937031643,27.166666666666668,0.8028602672520491,12,7,717977.0,717977.0,102568.14285714286,1.1666666666666667,12,7177.0,2902.0,40.43472197236349,28.57142857142857,0.35133171870298824,1025.2857142857142,96.0,18.428571428571427,0.0,0.0,0.0,0.0,100.0,66.0,0.42857142857142855,0.5714285714285714,0.5714285714285714,119662.83333333333,8531198.3,1435954.0,215364.08,40.0,0.0,10.0,68.38694439447269,0,0,1
C0008,Gold,2020-01-14,37,Male,Delhi,Business,Low,10,1146662,114666.2,Samsung,0.38,0.06,1.67,High,13,No,Critical,Low,Audio,Samsung,Online,5,3,0.9349775266604486,18.555555555555557,0.4795292361028869,14,10,1146662.0,1146662.0,114666.2,1.6666666666666667,14,11461.0,4319.0,37.68432070702005,60.0,0.335638793646535,1146.1,77.0,20.9,0.0,0.0,0.0,0.0,100.0,78.0,0.6,0.4,0.3,191110.33333333334,14974887.72,2293324.0,343955.41,10.0,0.0,10.0,71.43686414140402,1,0,1
C0009,Platinum,2022-04-07,29,Female,Mumbai,CA,High,7,1016241,145177.29,Sony,0.3,0.0,1.17,High,30,No,Critical,Low,Audio,Sony,Offline,3,2,0.9141008892878475,12.5,0.6849974310829157,31,7,1016241.0,1016241.0,145177.2857142857,1.1666666666666667,31,10158.0,3018.0,29.710572918182148,42.857142857142854,0.25591452534900827,1451.142857142857,88.0,25.0,0.0,0.0,0.0,0.0,100.0,78.0,0.5714285714285714,0.42857142857142855,0.14285714285714285,169373.5,8742037.57,2032482.0,304842.12,10.0,0.0,10.0,77.34211458363643,1,0,1
C0010,Gold,2024-02-14,45,Male,Bengaluru,Doctor,Low,4,492915,123228.75,Samsung,0.38,0.08,0.67,Medium,103,No,Critical,Low,Audio,Samsung,Online,4,3,0.9999999971146099,25.666666666666668,0.5936771836795925,104,4,492915.0,492915.0,123228.75,0.6666666666666666,104,4927.0,1855.0,37.64968533052632,50.0,0.2844219560189789,1231.75,31.0,24.25,0.0,0.0,0.0,0.0,86.25,62.699999999999996,1.0,0.0,0.75,82152.5,2410256.51,985830.0,147855.95,10.0,0.0,10.0,66.83993706610526,0,1,1
C0011,Silver,2023-09-25,39,Female,Bengaluru,Doctor,Low,8,804060,100507.5,Apple,0.43,0.16,1.33,High,53,No,Needs Attention,Low,Audio,Apple,Online,4,2,0.9528195282293931,17.857142857142858,0.675632140377203,54,8,804060.0,804060.0,100507.5,1.3333333333333333,54,8038.0,3473.0,43.207265435173845,37.5,0.3593749996281302,1004.75,77.0,11.875,0.0,0.0,0.0,0.0,100.0,78.0,0.875,0.125,0.125,134010.0,4556890.35,1608120.0,241183.27,40.0,0.0,10.0,65.04145308703477,1,0,0
C0012,Bronze,2020-06-10,46,Male,Delhi,CA,High,8,730840,91355.0,Bose,0.49,0.08,1.33,Medium,34,No,Needs Attention,Low,Speaker,Bose,App,3,2,0.8868595044121972,17.571428571428573,0.2727627896838987,35,8,730840.0,730840.0,91355.0,1.3333333333333333,35,7304.0,3572.0,48.90470968112718,37.5,0.4128048071041202,913.0,72.0,19.0,0.0,0.0,0.0,0.0,100.0,66.0,0.875,0.125,0.5,121806.66666666667,8952164.71,1461680.0,219216.28,40.0,0.0,10.0,55.080941936225436,0,0,0
C0013,Silver,2024-07-25,36,Female,Mumbai,Engineer,Low,10,871684,87168.4,Sony,0.44,0.0,1.67,High,31,No,Needs Attention,Low,Audio,Sony,Offline,5,2,0.9138646852786468,9.444444444444445,1.0017448112759169,32,10,871684.0,871684.0,87168.4,1.6666666666666667,32,8713.0,3833.0,43.99173643522124,60.0,0.3939362791429226,871.3,101.0,16.8,0.0,0.0,0.0,0.0,100.0,78.0,0.6,0.4,0.1,145280.66666666666,3489122.54,1743368.0,261466.87,40.0,0.0,10.0,65.19834728704424,1,0,0
C0014,Bronze,2021-05-16,26,Male,Hyderabad,Engineer,Medium,8,608255,76031.88,Apple,0.28,0.11,1.33,High,2,No,Critical,Low,Audio,Apple,Online,3,4,0.6695919428050616,25.285714285714285,0.542980310282297,3,8,608255.0,608255.0,76031.875,1.3333333333333333,3,6079.0,1690.0,27.80062505708073,12.5,0.23709315342719817,759.875,100.0,13.375,0.0,0.0,0.0,0.0,100.0,78.0,0.625,0.375,0.0,101375.83333333333,6318191.57,1216510.0,182459.6,10.0,0.0,10.0,54.460125011416146,0,0,0
C0015,Bronze,2023-01-02,52,Male,Ahmedabad,Student,High,6,563759,93959.83,Bose,0.43,0.0,1.0,Medium,14,No,Needs Attention,Low,Speaker,Bose,Online,3,2,0.9206198329835873,18.8,0.8752858919339395,15,6,563759.0,563759.0,93959.83333333333,1.0,15,5634.0,2442.0,43.34398288366351,50.0,0.34206471446692155,939.0,41.0,17.333333333333332,0.0,0.0,0.0,0.0,99.33333333333333,65.84,0.6666666666666666,0.3333333333333333,0.0,93959.83333333333,4016155.83,1127518.0,169103.28,40.0,0.0,10.0,53.9207965767327,0,0,0
C0016,Silver,2019-10-11,27,Female,Bengaluru,Doctor,Low,8,640622,80077.75,Google Nest,0.33,0.0,1.33,High,13,No,Critical,Low,Security,Google Nest,Offline,4,3,0.9056390593441763,12.428571428571429,0.6331487159329219,14,8,640622.0,640622.0,80077.75,1.3333333333333333,14,6402.0,2139.0,33.41143387470879,25.0,0.28026729523025773,800.25,71.0,24.5,0.0,0.0,0.0,0.0,100.0,78.0,0.5,0.5,0.125,106770.33333333333,8699480.14,1281244.0,192165.21,10.0,0.0,10.0,63.08228677494176,0,0,0
C0017,Platinum,2023-04-29,33,Male,Pune,Engineer,High,6,315947,52657.83,Apple,0.39,0.22,1.0,Medium,7,No,Critical,Low,Audio,Apple,App,3,3,0.9999999972692823,26.0,1.246044128605624,8,6,315947.0,315947.0,52657.833333333336,1.0,8,3156.0,1241.0,39.321926364632674,33.33333333333333,0.3444351919388421,526.0,92.0,18.5,0.0,0.0,0.0,0.0,100.0,66.0,0.6666666666666666,0.3333333333333333,0.16666666666666666,52657.833333333336,2048357.28,631894.0,94771.69,10.0,0.0,10.0,75.66438527292654,0,0,1
C0018,Silver,2023-05-19,46,Female,Ahmedabad,Doctor,Low,8,521715,65214.38,Bose,0.65,0.05,1.33,High,47,No,Needs Attention,Low,Audio,Bose,App,3,3,0.8868595044121972,15.0,0.5756855243440557,48,8,521715.0,521715.0,65214.375,1.3333333333333333,48,5213.0,3385.0,64.93381917334776,50.0,0.617588030254355,651.625,88.0,24.25,0.0,0.0,0.0,0.0,100.0,78.0,0.875,0.125,0.5,86952.5,3325263.57,1043430.0,156480.65,40.0,0.0,10.0,69.38676383466955,0,0,0
C0019,Gold,2020-06-19,31,Female,Bengaluru,Doctor,Medium,4,266543,66635.75,Google Nest,0.25,0.04,0.67,Medium,32,No,Critical,Low,Smart Home,Google Nest,App,2,2,0.8112781215737428,39.666666666666664,0.35626201728726853,33,4,266543.0,266543.0,66635.75,0.6666666666666666,33,2663.0,657.0,24.671423114264275,50.0,0.19216145015454386,665.75,32.0,20.75,0.0,0.0,0.0,0.0,84.75,62.339999999999996,0.75,0.25,0.25,44423.833333333336,3251788.11,533086.0,79956.33,10.0,0.0,10.0,64.13628462285286,0,0,1
C0020,Bronze,2022-02-11,60,Male,Mumbai,Manager,Medium,5,414773,82954.6,Sony,0.28,0.19,0.83,Medium,30,No,Critical,Low,Audio,Sony,Offline,4,2,0.960964044558291,35.0,0.6564713217284674,31,5,414773.0,414773.0,82954.6,0.8333333333333334,31,4144.0,1173.0,28.30598448767861,80.0,0.21554575484096702,828.8,83.0,29.4,0.0,0.0,0.0,0.0,100.0,66.0,0.4,0.6,0.2,69128.83333333333,3692927.57,829546.0,124420.17,10.0,0.0,10.0,50.96119689753572,0,0,0
C0021,Gold,2024-06-04,60,Male,Mumbai,Business,Low,6,707040,117840.0,Samsung,0.42,0.11,1.0,Medium,42,No,Needs Attention,Low,TV,Samsung,Offline,4,4,0.8962406222948989,18.8,0.3005089274253549,43,6,707040.0,707040.0,117840.0,1.0,43,7068.0,2970.0,42.02037345497966,16.666666666666664,0.37264742738689155,1178.0,86.0,13.666666666666666,0.0,0.0,0.0,0.0,100.0,66.0,0.0,1.0,0.16666666666666666,117840.0,3027544.31,1414080.0,212082.3,40.0,0.0,10.0,68.70407469099592,0,0,1
C0022,Gold,2024-04-17,59,Male,Hyderabad,Doctor,Low,9,681013,75668.11,Google Nest,0.35,0.11,1.5,High,9,No,Critical,Low,Security,Google Nest,Online,4,3,0.8288713603670543,20.125,0.8238591478947523,10,9,681013.0,681013.0,75668.11111111111,1.5,10,6805.0,2362.0,34.70977217529791,44.44444444444444,0.2899582613675936,756.1111111111111,118.0,16.11111111111111,0.0,0.0,0.0,0.0,100.0,78.0,0.6666666666666666,0.3333333333333333,0.3333333333333333,113502.16666666667,3095089.88,1362026.0,204280.28,10.0,0.0,10.0,70.84195443505958,0,0,1
C0023,Bronze,2021-06-08,58,Female,Bengaluru,Engineer,Low,8,650997,81374.62,Samsung,0.54,0.0,1.33,High,24,No,Needs Attention,Low,Audio,Samsung,App,3,3,0.8868595044121972,10.857142857142858,0.6072595518213696,25,8,650997.0,650997.0,81374.625,1.3333333333333333,25,6506.0,3484.0,53.55056862350052,50.0,0.4785714279140503,813.25,68.0,21.0,0.0,0.0,0.0,0.0,100.0,78.0,0.75,0.25,0.125,108499.5,6680182.77,1301994.0,195264.26,40.0,0.0,10.0,59.6101137247001,0,0,0
C0024,Platinum,2021-04-05,49,Female,Bengaluru,Student,Medium,9,684625,76069.44,Apple,0.61,0.02,1.5,High,17,No,Needs Attention,Low,Audio,Apple,Offline,4,2,0.8763576366044623,20.375,1.0285553164545522,18,9,684625.0,684625.0,76069.44444444444,1.5,18,6842.0,4172.0,60.976322623536504,44.44444444444444,0.5606019879594168,760.2222222222222,84.0,17.666666666666668,0.0,0.0,0.0,0.0,100.0,78.0,0.5555555555555556,0.4444444444444444,0.2222222222222222,114104.16666666667,7265178.64,1369250.0,205345.78,40.0,0.0,10.0,83.5952645247073,0,0,1
C0025,Gold,2020-06-28,33,Female,Bengaluru,Business,High,5,372912,74582.4,Google Nest,0.53,0.13,0.83,Medium,83,No,Needs Attention,Low,Security,Google Nest,App,2,1,0.7219280920019722,21.25,0.6014299441644292,84,5,372912.0,372912.0,74582.4,0.8333333333333334,84,3727.0,1957.0,52.50872000936753,40.0,0.45374449234003134,745.4,61.0,19.4,0.0,0.0,0.0,0.0,100.0,66.0,0.8,0.2,0.4,62152.0,4531097.76,745824.0,111854.03,40.0,0.0,10.0,70.8017440018735,0,1,1
C0026,Gold,2020-11-03,42,Female,Hyderabad,CA,Low,7,854062,122008.86,Samsung,0.34,0.1,1.17,Medium,17,No,Critical,Low,Audio,Samsung,App,4,3,0.9211854937031643,24.666666666666668,0.6768903344464218,18,7,854062.0,854062.0,122008.85714285714,1.1666666666666667,18,8538.0,2892.0,33.872101154987,57.14285714285714,0.2872752555008689,1219.7142857142858,58.0,17.428571428571427,0.0,0.0,0.0,0.0,100.0,66.0,0.8571428571428571,0.14285714285714285,0.0,142343.66666666666,9778746.84,1708124.0,256189.68,10.0,0.0,10.0,67.07442023099739,1,0,1
C0027,Bronze,2023-12-30,32,Male,Hyderabad,Engineer,High,9,841424,93491.56,Google Nest,0.39,0.08,1.5,High,5,No,Critical,Low,Security,Google Nest,Offline,3,2,0.8783471020311359,21.625,0.8832006848071369,6,9,841424.0,841424.0,93491.55555555556,1.5,6,8408.0,3267.0,38.85585152372044,44.44444444444444,0.35001071314547816,934.2222222222222,96.0,21.666666666666668,0.0,0.0,0.0,0.0,100.0,78.0,0.5555555555555556,0.4444444444444444,0.5555555555555556,140237.33333333334,4326336.13,1682848.0,252394.53,10.0,0.0,10.0,56.67117030474409,1,0,0
C0028,Bronze,2023-05-16,54,Female,Delhi,CA,Medium,9,892377,99153.0,Bose,0.39,0.12,1.5,Medium,9,No,Critical,Low,Audio,Bose,App,3,2,0.8783471020311359,18.875,0.5627151228667703,10,9,892377.0,892377.0,99153.0,1.5,10,8920.0,3489.0,39.11434973193459,55.55555555555556,0.3505123564893386,991.1111111111111,117.0,22.77777777777778,0.0,0.0,0.0,0.0,100.0,66.0,0.5555555555555556,0.4444444444444444,0.3333333333333333,148729.5,5702417.3,1784754.0,267678.21,10.0,0.0,10.0,53.12286994638691,1,0,0
C0029,Gold,2019-12-02,39,Male,Ahmedabad,Business,High,6,758893,126482.17,Apple,0.58,0.01,1.0,Medium,48,No,Needs Attention,Low,Audio,Apple,Online,6,4,0.9999999966513362,16.4,0.5042969264995593,49,6,758893.0,758893.0,126482.16666666667,1.0,49,7586.0,4384.0,57.79066694201072,50.0,0.5212841848736217,1264.3333333333333,75.0,15.666666666666666,0.0,0.0,0.0,0.0,100.0,66.0,0.8333333333333334,0.16666666666666666,0.16666666666666666,126482.16666666667,10089485.03,1517786.0,227624.06,40.0,0.0,10.0,71.85813338840214,0,0,1
C0030,Bronze,2025-03-04,31,Male,Ahmedabad,CA,High,7,689303,98471.86,Sony,0.25,0.25,1.17,Medium,8,No,Critical,Low,Audio,Sony,App,3,3,0.8699155270429084,21.166666666666668,0.2224639715190123,9,7,689303.0,689303.0,98471.85714285714,1.1666666666666667,9,6890.0,1703.0,24.71698109620177,100.0,0.21063698180502538,984.2857142857143,65.0,17.0,0.0,0.0,0.0,0.0,100.0,66.0,0.7142857142857143,0.2857142857142857,0.2857142857142857,114883.83333333333,1921178.52,1378606.0,206773.87,10.0,0.0,10.0,50.24339621924035,0,0,0
C0031,Gold,2023-10-03,56,Female,Bengaluru,Engineer,Medium,4,519677,129919.25,Sony,0.38,0.07,0.67,Medium,31,No,Critical,Low,TV,Sony,App,2,1,0.8112781215737428,30.333333333333332,0.10710823271099242,32,4,519677.0,519677.0,129919.25,0.6666666666666666,32,5195.0,1999.0,38.479306951916634,75.0,0.31599747025609,1298.75,41.0,23.0,0.0,0.0,0.0,0.0,100.0,66.0,1.0,0.0,0.0,86612.83333333333,2922427.26,1039354.0,155883.11,10.0,0.0,10.0,67.99586139038333,0,0,1
C0032,Gold,2022-01-13,39,Female,Mumbai,Manager,Medium,8,605183,75647.88,Samsung,0.37,0.0,1.33,High,51,No,Critical,Low,Smartphone,Samsung,App,3,2,0.8868595044121972,9.428571428571429,0.7485670675784564,52,8,605183.0,605183.0,75647.875,1.3333333333333333,52,6048.0,2222.0,36.7394179286716,87.5,0.31948238631275,756.0,79.0,15.875,0.0,0.0,0.0,0.0,100.0,78.0,0.875,0.125,0.25,100863.83333333333,5484341.49,1210366.0,181532.68,10.0,0.0,10.0,71.24788358573431,0,0,1
C0033,Silver,2025-04-18,38,Male,Pune,Engineer,High,5,251388,50277.6,Apple,0.53,0.09,0.83,Medium,6,No,Needs Attention,Low,TV,Apple,Offline,4,3,0.960964044558291,34.75,0.40897382764955986,7,5,251388.0,251388.0,50277.6,0.8333333333333334,7,2512.0,1321.0,52.58757940848893,60.0,0.42571704664609394,502.4,54.0,16.6,0.0,0.0,0.0,0.0,100.0,66.0,0.6,0.4,0.6,41898.0,638707.91,502776.0,75403.19,40.0,0.0,10.0,63.31751588169779,0,0,0
C0034,Gold,2021-05-03,29,Male,Bengaluru,Engineer,High,5,502878,100575.6,Sony,0.48,0.35,0.83,Medium,33,No,Needs Attention,Low,Gaming,Sony,App,3,3,0.9602297151300435,31.5,0.47191450396751944,34,5,502878.0,502878.0,100575.6,0.8333333333333334,34,5026.0,2403.0,47.81138072460927,60.0,0.44335793276133223,1005.2,66.0,22.0,0.0,0.0,0.0,0.0,100.0,66.0,0.6,0.4,0.4,83813.0,5259394.83,1005756.0,150839.37,40.0,0.0,10.0,69.86227614492185,0,0,1
C0035,Bronze,2020-05-23,42,Male,Ahmedabad,CA,Medium,10,1155199,115519.9,Samsung,0.45,0.04,1.67,High,11,No,Needs Attention,Low,Audio,Samsung,App,5,4,0.9349775266604486,16.555555555555557,0.7133312935069742,12,10,1155199.0,1155199.0,115519.9,1.6666666666666667,12,11547.0,5163.0,44.71291240606832,30.0,0.40160236434225083,1154.7,122.0,17.0,0.0,0.0,0.0,0.0,100.0,78.0,0.8,0.2,0.6,192533.16666666666,14264058.84,2310398.0,346508.07,40.0,0.0,10.0,57.84258248121366,1,0,0
C0036,Platinum,2022-12-07,57,Male,Delhi,Student,Medium,10,899404,89940.4,Apple,0.42,0.06,1.67,High,5,No,Needs Attention,Low,Watch,Apple,App,4,2,0.8427376457282771,18.444444444444443,0.5610271221506276,6,10,899404.0,899404.0,89940.4,1.6666666666666667,6,8990.0,3761.0,41.83537258972706,50.0,0.372339371970756,899.0,103.0,21.5,0.0,0.0,0.0,0.0,100.0,78.0,0.6,0.4,0.6,149900.66666666666,6535299.7,1798808.0,269783.59,40.0,0.0,10.0,79.76707451794542,1,0,1
C0037,Bronze,2024-07-10,37,Female,Delhi,Manager,Low,5,469671,93934.2,Sony,0.2,0.02,0.83,Medium,4,No,Critical,Low,TV,Sony,App,4,3,0.960964044558291,42.75,0.447457498295693,5,5,469671.0,469671.0,93934.2,0.8333333333333334,5,4694.0,950.0,20.238602428123983,20.0,0.1561986186185488,938.8,27.0,18.6,0.0,0.0,0.0,0.0,72.6,59.424,1.0,0.0,0.0,78278.5,1918546.56,939342.0,140891.8,10.0,0.0,10.0,47.37492048562479,0,0,0
C0038,Silver,2020-05-04,50,Male,Bengaluru,Engineer,High,7,545076,77868.0,Bose,0.58,0.14,1.17,Medium,5,No,Needs Attention,Low,Audio,Bose,App,3,2,0.9141008892878475,26.5,0.8257605725743371,6,7,545076.0,545076.0,77868.0,1.1666666666666667,6,5446.0,3179.0,58.3731177775007,42.857142857142854,0.5393620621999287,778.0,76.0,16.142857142857142,0.0,0.0,0.0,0.0,100.0,66.0,1.0,0.0,0.2857142857142857,90846.0,6787147.56,1090152.0,163491.01,40.0,0.0,10.0,64.47462355550013,0,0,0
C0039,Bronze,2021-06-26,28,Female,Ahmedabad,CA,Low,5,619994,123998.8,Sony,0.45,0.0,0.83,Medium,22,No,Needs Attention,Low,Audio,Sony,Offline,2,3,0.7219280920019722,26.75,0.5449193156210128,23,5,619994.0,619994.0,123998.8,0.8333333333333334,23,6197.0,2780.0,44.86041625809196,60.0,0.36392197884026445,1239.4,37.0,22.8,0.0,0.0,0.0,0.0,96.8,65.232,0.4,0.6,0.0,103332.33333333333,6300938.34,1239988.0,185970.4,40.0,0.0,10.0,54.04168325161839,0,0,0
C0040,Bronze,2022-07-25,29,Female,Ahmedabad,CA,High,7,421412,60201.71,Google Nest,0.4,0.01,1.17,Medium,17,No,Needs Attention,Low,Security,Google Nest,App,4,3,0.9211854937031643,18.5,0.7919951398902534,18,7,421412.0,421412.0,60201.71428571428,1.1666666666666667,18,4210.0,1698.0,40.3325414718942,85.71428571428571,0.326538460910503,601.4285714285714,76.0,20.571428571428573,0.0,0.0,0.0,0.0,100.0,66.0,0.5714285714285714,0.42857142857142855,0.14285714285714285,70235.33333333333,3373603.53,842824.0,126406.62,40.0,0.0,10.0,53.36650829437884,0,0,0
C0041,Gold,2022-02-14,60,Female,Hyderabad,Manager,High,7,493849,70549.86,Samsung,0.38,0.13,1.17,Medium,37,No,Critical,Low,Audio,Samsung,App,3,2,0.8699155270429084,21.666666666666668,0.6521697790926871,38,7,493849.0,493849.0,70549.85714285714,1.1666666666666667,38,4935.0,1896.0,38.41945280968703,85.71428571428571,0.33421470062715547,705.0,93.0,18.857142857142858,0.0,0.0,0.0,0.0,100.0,66.0,0.5714285714285714,0.42857142857142855,0.42857142857142855,82308.16666666667,4388867.5,987698.0,148135.74,10.0,0.0,10.0,67.9838905619374,0,0,1
C0042,Gold,2024-11-29,44,Male,Ahmedabad,Business,Low,10,863358,86335.8,Apple,0.47,0.07,1.67,High,44,No,Needs Attention,Low,Smartphone,Apple,App,3,2,0.9372305604854119,14.777777777777779,0.9455117241564693,45,10,863358.0,863358.0,86335.8,1.6666666666666667,45,8627.0,4024.0,46.644256350244284,60.0,0.42087647691572383,862.7,71.0,11.0,0.0,0.0,0.0,0.0,100.0,78.0,0.8,0.2,0.2,143893.0,2855404.42,1726716.0,258967.16,40.0,0.0,10.0,73.22885127004885,1,0,1
C0043,Silver,2024-01-20,29,Female,Delhi,CA,Medium,8,781638,97704.75,Apple,0.45,0.06,1.33,High,30,No,Needs Attention,Low,Audio,Apple,Online,5,3,0.9283832086629118,18.285714285714285,0.5509053473463984,31,8,781638.0,781638.0,97704.75,1.3333333333333333,31,7814.0,3492.0,44.689019651025056,25.0,0.40393290872882254,976.75,77.0,19.125,0.0,0.0,0.0,0.0,100.0,78.0,0.75,0.25,0.0,130273.0,3929055.08,1563276.0,234456.48,40.0,0.0,10.0,65.33780393020501,0,0,0
C0044,Gold,2024-07-21,53,Female,Ahmedabad,CA,High,7,499634,71376.29,Sony,0.52,0.09,1.17,High,4,No,Needs Attention,Low,Audio,Sony,Online,4,3,0.9211854937031643,23.333333333333332,0.7450482683252262,5,7,499634.0,499634.0,71376.28571428571,1.1666666666666667,5,4993.0,2583.0,51.732425291943876,57.14285714285714,0.4624060142097995,713.2857142857143,63.0,15.857142857142858,0.0,0.0,0.0,0.0,100.0,78.0,0.7142857142857143,0.2857142857142857,0.14285714285714285,83272.33333333333,2010847.31,999268.0,149864.37,40.0,0.0,10.0,74.24648505838877,0,0,1
C0045,Silver,2019-09-09,29,Female,Mumbai,Doctor,Medium,7,716049,102292.71,Apple,0.45,0.01,1.17,Medium,43,No,Needs Attention,Low,Audio,Apple,Online,5,4,0.9165164400929279,20.333333333333332,0.9055324784223577,44,7,716049.0,716049.0,102292.71428571429,1.1666666666666667,44,7157.0,3218.0,44.96297325001681,71.42857142857143,0.38055818308827083,1022.4285714285714,54.0,20.857142857142858,0.0,0.0,0.0,0.0,100.0,66.0,0.7142857142857143,0.2857142857142857,0.14285714285714285,119341.5,9849227.04,1432098.0,214782.52,40.0,0.0,10.0,61.79259465000336,0,0,0
C0046,Bronze,2020-01-02,41,Male,Bengaluru,CA,High,6,494160,82360.0,Google Nest,0.35,0.08,1.0,Medium,10,No,Critical,Low,Security,Google Nest,App,3,2,0.9206198329835873,31.0,0.6451790220014613,11,6,494160.0,494160.0,82360.0,1.0,11,4939.0,1712.0,34.66288715395245,50.0,0.27400768201983405,823.1666666666666,61.0,14.333333333333334,0.0,0.0,0.0,0.0,100.0,66.0,0.5,0.5,0.0,82360.0,6485976.84,988320.0,148230.88,10.0,0.0,10.0,52.232577430790485,0,0,0
C0047,Silver,2019-10-11,32,Male,Pune,Doctor,High,7,634013,90573.29,Apple,0.5,0.14,1.17,High,23,No,Needs Attention,Low,Audio,Apple,Online,2,2,0.5916727756969373,25.666666666666668,0.49112178093911507,24,7,634013.0,634013.0,90573.28571428571,1.1666666666666667,24,6337.0,3154.0,49.7711850248206,57.14285714285714,0.4489679708911488,905.2857142857143,85.0,12.0,0.0,0.0,0.0,0.0,100.0,78.0,0.8571428571428571,0.14285714285714285,0.42857142857142855,105668.83333333333,8609731.64,1268026.0,190172.36,40.0,0.0,10.0,66.35423700496412,0,0,0
C0048,Bronze,2021-06-25,47,Female,Mumbai,Student,Low,7,870467,124352.43,Bose,0.31,0.21,1.17,Medium,13,No,Critical,Low,Audio,Bose,Offline,3,3,0.9141008892878475,25.5,0.5281313438452512,14,7,870467.0,870467.0,124352.42857142857,1.1666666666666667,14,8701.0,2709.0,31.134352337507927,42.857142857142854,0.2707105023776252,1243.0,42.0,17.0,0.0,0.0,0.0,0.0,100.0,66.0,0.5714285714285714,0.42857142857142855,0.5714285714285714,145077.83333333334,8851237.34,1740934.0,261113.01,10.0,0.0,10.0,51.52687046750158,1,0,0
C0049,Bronze,2024-12-12,58,Male,Hyderabad,Business,High,5,541519,108303.8,Samsung,0.48,0.01,0.83,Medium,10,No,Needs Attention,Low,Audio,Samsung,App,5,3,0.9999999968933253,39.5,0.4730888690211838,11,5,541519.0,541519.0,108303.8,0.8333333333333334,11,5413.0,2594.0,47.921669965044025,60.0,0.4055025787001679,1082.6,38.0,21.2,0.0,0.0,0.0,0.0,97.2,65.328,1.0,0.0,0.0,90253.16666666667,1752431.1,1083038.0,162429.76,40.0,0.0,10.0,54.6827339930088,0,0,0
C0050,Bronze,2024-12-16,46,Female,Bengaluru,Business,Low,7,530541,75791.57,Samsung,0.24,0.25,1.17,Medium,31,No,Critical,Low,Audio,Samsung,Offline,3,2,0.8699155270429084,20.833333333333332,0.5387872131785044,32,7,530541.0,530541.0,75791.57142857143,1.1666666666666667,32,5302.0,1275.0,24.04752918889565,57.14285714285714,0.19666820885906494,757.4285714285714,89.0,10.428571428571429,0.0,0.0,0.0,0.0,100.0,66.0,0.5714285714285714,0.42857142857142855,0.42857142857142855,88423.5,1705284.42,1061082.0,159149.55,10.0,0.0,10.0,50.109505837779125,0,0,0
C0051,Silver,2020-10-18,27,Male,Bengaluru,Engineer,Low,7,725204,103600.57,Google Nest,0.59,0.0,1.17,High,12,No,Needs Attention,Low,Smart Home,Google Nest,App,3,2,0.8699155270429084,15.5,0.5319605785582907,13,7,725204.0,725204.0,103600.57142857143,1.1666666666666667,13,7248.0,4269.0,58.89900654125413,28.57142857142857,0.5391513001526252,1035.4285714285713,53.0,19.142857142857142,0.0,0.0,0.0,0.0,100.0,78.0,0.7142857142857143,0.2857142857142857,0.2857142857142857,120867.33333333333,8366898.44,1450408.0,217518.51,40.0,0.0,10.0,68.17980130825083,0,0,0
C0052,Platinum,2023-08-24,43,Male,Hyderabad,Doctor,High,4,384587,96146.75,Google Nest,0.2,0.4,0.67,Medium,40,No,Critical,Low,Smart Home,Google Nest,Online,2,2,0.8112781215737428,39.666666666666664,0.1689563500410734,41,4,384587.0,384587.0,96146.75,0.6666666666666666,41,3844.0,773.0,20.10926113395093,50.0,0.1693318725753957,961.0,38.0,12.75,0.0,0.0,0.0,0.0,88.75,63.3,0.75,0.25,0.75,64097.833333333336,2246977.85,769174.0,115368.37,10.0,0.0,10.0,71.01185222679018,0,0,1
C0053,Silver,2021-07-10,24,Male,Delhi,Doctor,Medium,7,315579,45082.71,Samsung,0.41,0.12,1.17,High,6,No,Needs Attention,Low,Smartphone,Apple,Online,5,5,0.9165164400929279,28.166666666666668,0.7860275758743026,7,7,315579.0,315579.0,45082.71428571428,1.1666666666666667,7,3152.0,1296.0,41.11675113858899,57.14285714285714,0.3488559882937927,450.2857142857143,60.0,19.571428571428573,0.0,0.0,0.0,0.0,100.0,78.0,0.7142857142857143,0.2857142857142857,0.2857142857142857,52596.5,3183006.26,631158.0,94660.74,40.0,0.0,10.0,64.6233502277178,0,0,0
C0054,Gold,2020-01-25,25,Female,Ahmedabad,Student,Low,7,584133,83447.57,Apple,0.22,0.17,1.17,Medium,30,No,Critical,Low,Watch,Apple,App,4,3,0.9211854937031643,20.333333333333332,0.506511783978268,31,7,584133.0,584133.0,83447.57142857143,1.1666666666666667,31,5837.0,1280.0,21.929073116448393,57.14285714285714,0.17075773723218018,833.8571428571429,78.0,16.857142857142858,0.0,0.0,0.0,0.0,100.0,66.0,0.7142857142857143,0.2857142857142857,0.2857142857142857,97355.5,7593329.18,1168266.0,175227.1,10.0,0.0,10.0,64.68581462328967,0,0,1
C0055,Silver,2025-05-22,29,Male,Bengaluru,Business,High,6,614161,102360.17,Bose,0.47,0.15,1.0,Medium,77,No,Needs Attention,Low,Speaker,Bose,App,4,3,0.8962406222948989,16.6,0.3122648423089733,78,6,614161.0,614161.0,102360.16666666667,1.0,78,6137.0,2865.0,46.68404750418112,16.666666666666664,0.41347957798603036,1022.8333333333334,57.0,13.833333333333334,0.0,0.0,0.0,0.0,100.0,66.0,0.8333333333333334,0.16666666666666666,0.16666666666666666,102360.16666666667,1446073.81,1228322.0,184219.65,40.0,0.0,10.0,62.13680950083622,0,1,0
C0056,Gold,2019-11-18,30,Female,Pune,CA,Low,9,634117,70457.44,Sony,0.64,0.01,1.5,High,10,No,Needs Attention,Low,Audio,Sony,Offline,6,5,0.9359446940972023,20.0,0.6830207089702366,11,9,634117.0,634117.0,70457.44444444444,1.5,11,6337.0,4065.0,64.14707264613055,33.33333333333333,0.5779894773524962,704.1111111111111,115.0,18.11111111111111,0.0,0.0,0.0,0.0,100.0,78.0,0.4444444444444444,0.5555555555555556,0.1111111111111111,105686.16666666667,8479198.98,1268234.0,190194.45,40.0,0.0,10.0,76.7294145292261,0,0,1
C0057,Platinum,2025-03-22,28,Male,Hyderabad,CA,Medium,10,885273,88527.3,Google Nest,0.56,0.09,1.67,High,0,No,Needs Attention,Low,Smart Home,Google Nest,App,3,2,0.72984669643138,19.333333333333332,0.7685645341150866,1,10,885273.0,885273.0,88527.3,1.6666666666666667,1,8849.0,4977.0,56.2436432859717,60.0,0.5258320121227343,884.9,96.0,22.6,0.0,0.0,0.0,0.0,100.0,78.0,0.8,0.2,0.4,147545.5,2380117.96,1770546.0,265532.13,40.0,0.0,10.0,82.64872865719434,1,0,1
C0058,Bronze,2024-10-07,25,Female,Delhi,Manager,Medium,9,723243,80360.33,Apple,0.67,0.0,1.5,Medium,10,No,Needs Attention,Low,Smartphone,Apple,Offline,4,2,0.8288713603670543,12.125,0.657430190861281,11,9,723243.0,723243.0,80360.33333333333,1.5,11,7228.0,4843.0,67.00332032788694,44.44444444444444,0.6361486921894802,803.1111111111111,76.0,18.555555555555557,0.0,0.0,0.0,0.0,100.0,66.0,0.5555555555555556,0.4444444444444444,0.4444444444444444,120540.5,2601892.68,1446486.0,216924.47,40.0,0.0,10.0,58.700664065577385,0,0,0
C0059,Gold,2024-03-03,51,Female,Pune,Business,Low,9,1002421,111380.11,Sony,0.32,0.02,1.5,High,34,No,Critical,Low,Gaming,Sony,Offline,3,1,0.9656336044121073,10.875,0.30250312308207006,35,9,1002421.0,1002421.0,111380.11111111111,1.5,35,10019.0,3249.0,32.42838603410681,66.66666666666666,0.28630595674453124,1113.2222222222222,59.0,17.666666666666668,0.0,0.0,0.0,0.0,100.0,78.0,0.4444444444444444,0.5555555555555556,0.3333333333333333,167070.16666666666,4802838.47,2004842.0,300693.81,10.0,0.0,10.0,70.38567720682136,1,0,1
C0060,Gold,2020-04-30,28,Female,Delhi,Student,Low,9,808809,89867.67,Samsung,0.45,0.08,1.5,High,6,No,Needs Attention,Low,Smartphone,Samsung,Online,3,3,0.9656336044121073,20.0,0.7375046769149035,7,9,808809.0,808809.0,89867.66666666667,1.5,7,8084.0,3668.0,45.37357738078479,55.55555555555556,0.4012251144156365,898.2222222222222,97.0,18.22222222222222,0.0,0.0,0.0,0.0,100.0,78.0,0.7777777777777778,0.2222222222222222,0.5555555555555556,134801.5,10088798.92,1617618.0,242606.02,40.0,0.0,10.0,72.97471547615696,1,0,1
C0061,Gold,2020-02-26,51,Male,Bengaluru,Doctor,Medium,9,985043,109449.22,Google Nest,0.33,0.22,1.5,High,5,No,Critical,Low,Security,Google Nest,Online,3,2,0.8527924857593228,21.75,0.6019623341018165,6,9,985043.0,985043.0,109449.22222222222,1.5,6,9845.0,3256.0,33.0726256647307,44.44444444444444,0.28788682556331846,1093.888888888889,117.0,20.11111111111111,0.0,0.0,0.0,0.0,100.0,78.0,0.6666666666666666,0.3333333333333333,0.3333333333333333,164173.83333333334,12632283.13,1970086.0,295480.34,10.0,0.0,10.0,70.51452513294613,1,0,1
C0062,Silver,2020-04-04,26,Male,Pune,Business,Low,9,781227,86803.0,Bose,0.32,0.22,1.5,High,19,No,Critical,Low,Audio,Bose,Offline,3,2,0.7725068829835425,18.5,0.7619146056607001,20,9,781227.0,781227.0,86803.0,1.5,20,7808.0,2468.0,31.608606516894717,55.55555555555556,0.2818638644565283,867.5555555555555,108.0,21.77777777777778,0.0,0.0,0.0,0.0,100.0,78.0,0.5555555555555556,0.4444444444444444,0.3333333333333333,130204.5,9855972.67,1562454.0,234343.42,10.0,0.0,10.0,62.72172130337894,0,0,0
C0063,Platinum,2022-09-05,37,Female,Bengaluru,Engineer,Medium,5,323787,64757.4,Google Nest,0.36,0.11,0.83,Medium,19,No,Critical,Low,Audio,Google Nest,Offline,3,3,0.9602297151300435,37.75,0.3201696829120734,20,5,323787.0,323787.0,64757.4,0.8333333333333334,20,3236.0,1155.0,35.6922124978609,60.0,0.2935943053035223,647.2,65.0,22.0,0.0,0.0,0.0,0.0,100.0,66.0,0.4,0.6,0.4,53964.5,2517604.6,647574.0,97124.55,10.0,0.0,10.0,74.93844249957218,0,0,1
C0064,Bronze,2022-02-12,32,Female,Ahmedabad,Manager,Low,7,576609,82372.71,Apple,0.49,0.12,1.17,Medium,1,No,Needs Attention,Low,Smartphone,Apple,Offline,3,2,0.7248340887750424,26.666666666666668,0.5381945659860528,2,7,576609.0,576609.0,82372.71428571429,1.1666666666666667,2,5762.0,2806.0,48.69836853748982,57.14285714285714,0.4377535094574828,823.1428571428571,75.0,21.428571428571427,0.0,0.0,0.0,0.0,100.0,66.0,0.42857142857142855,0.5714285714285714,0.14285714285714285,96101.5,5130675.56,1153218.0,172954.64,40.0,0.0,10.0,55.03967370749796,0,0,0
C0065,Gold,2024-08-11,57,Female,Ahmedabad,Manager,Low,4,592185,148046.25,Apple,0.54,0.0,0.67,Medium,10,No,Needs Attention,Low,Audio,Apple,Online,2,1,0.99999999711461,35.333333333333336,0.18365570371092563,11,4,592185.0,592185.0,148046.25,0.6666666666666666,11,5919.0,3179.0,53.708396597890875,50.0,0.4571469651177064,1479.75,50.0,24.5,0.0,0.0,0.0,0.0,100.0,66.0,0.75,0.25,0.0,98697.5,2315236.63,1184370.0,177623.71,40.0,0.0,10.0,71.04167931957818,0,0,1
C0066,Bronze,2021-05-16,52,Female,Bengaluru,Engineer,High,10,584460,58446.0,Google Nest,0.5,0.02,1.67,High,36,No,Needs Attention,Low,Security,Google Nest,App,4,3,0.8609640445582911,13.0,0.7721825575751856,37,10,584460.0,584460.0,58446.0,1.6666666666666667,37,5840.0,2907.0,49.77739717503871,40.0,0.4477818847076681,584.0,98.0,22.7,0.0,0.0,0.0,0.0,100.0,78.0,0.8,0.2,0.1,97410.0,6071023.24,1168920.0,175308.93,40.0,0.0,10.0,58.85547943500774,0,0,0
C0067,Silver,2025-02-07,43,Female,Pune,Doctor,Medium,7,641140,91591.43,Sony,0.48,0.03,1.17,Medium,89,No,Needs Attention,Low,Audio,Sony,App,3,4,0.7248340887750424,8.333333333333334,0.8282357594111154,90,7,641140.0,641140.0,91591.42857142857,1.1666666666666667,90,6408.0,3101.0,48.392634131721856,28.57142857142857,0.4326171868964604,915.4285714285714,51.0,23.428571428571427,0.0,0.0,0.0,0.0,100.0,66.0,0.7142857142857143,0.2857142857142857,0.2857142857142857,106856.66666666667,1874709.16,1282280.0,192310.99,40.0,0.0,10.0,62.47852682634437,0,1,0
C0068,Bronze,2022-03-18,33,Male,Delhi,Doctor,Low,6,474408,79068.0,Google Nest,0.35,0.18,1.0,High,7,No,Critical,Low,Smart Home,Google Nest,Online,3,2,0.9206198329835873,30.0,0.43048483895868195,8,6,474408.0,474408.0,79068.0,1.0,8,4742.0,1652.0,34.837621183387554,66.66666666666666,0.2953692109862879,790.3333333333334,82.0,16.166666666666668,0.0,0.0,0.0,0.0,100.0,78.0,0.8333333333333334,0.16666666666666666,0.16666666666666666,79068.0,4132967.16,948816.0,142305.88,10.0,0.0,10.0,55.86752423667751,0,0,0
C0069,Bronze,2019-11-19,23,Female,Pune,Manager,Medium,9,1040069,115563.22,Google Nest,0.49,0.09,1.5,High,9,No,Needs Attention,Low,Smart Home,Google Nest,App,3,3,0.9656336044121073,21.0,0.8240876360988432,10,9,1040069.0,1040069.0,115563.22222222222,1.5,10,10396.0,5045.0,48.528280061053984,44.44444444444444,0.4253077049188099,1155.111111111111,90.0,13.555555555555555,0.0,0.0,0.0,0.0,100.0,78.0,0.6666666666666666,0.3333333333333333,0.2222222222222222,173344.83333333334,13901757.31,2080138.0,311970.25,40.0,0.0,10.0,58.605656012210794,1,0,0
C0070,Gold,2022-01-02,25,Female,Mumbai,Engineer,High,8,751725,93965.62,Google Nest,0.57,0.04,1.33,High,8,No,Needs Attention,Low,Smart Home,Google Nest,Offline,4,3,0.7743974674623092,19.428571428571427,0.9907249781182137,9,8,751725.0,751725.0,93965.625,1.3333333333333333,9,7513.0,4314.0,57.420471106854166,37.5,0.5275773504615662,939.125,78.0,19.5,0.0,0.0,0.0,0.0,100.0,78.0,0.5,0.5,0.25,125287.5,6857625.46,1503450.0,225474.36,40.0,0.0,10.0,75.38409422137083,0,0,1
C0071,Gold,2024-07-13,36,Female,Bengaluru,CA,Low,4,243820,60955.0,Google Nest,0.48,0.09,0.67,Medium,22,No,Needs Attention,Low,Security,Google Nest,App,3,2,0.9463946276264684,37.666666666666664,1.103481700410015,23,4,243820.0,243820.0,60955.0,0.6666666666666666,23,2436.0,1171.0,48.070607356031985,50.0,0.3949409767455616,609.0,33.0,20.5,0.0,0.0,0.0,0.0,86.5,62.76,0.5,0.5,0.25,40636.666666666664,991968.57,487640.0,73134.29,40.0,0.0,10.0,68.9421214712064,0,0,1
C0072,Gold,2022-06-03,37,Female,Mumbai,Business,High,5,290633,58126.6,Samsung,0.53,0.0,0.83,Medium,25,No,Needs Attention,Low,Audio,Samsung,App,4,2,0.960964044558291,20.75,1.0115437404728314,26,5,290633.0,290633.0,58126.6,0.8333333333333334,26,2905.0,1544.0,53.1497416414811,40.0,0.42324561287487494,581.0,62.0,15.6,0.0,0.0,0.0,0.0,100.0,66.0,0.6,0.4,0.0,48438.833333333336,2409409.24,581266.0,87174.46,40.0,0.0,10.0,70.92994832829622,0,0,1
C0073,Gold,2024-07-25,57,Female,Ahmedabad,Student,Medium,9,814122,90458.0,Bose,0.42,0.07,1.5,High,13,No,Needs Attention,Low,Speaker,Bose,Online,4,3,0.8763576366044623,16.625,0.43297975728969923,14,9,814122.0,814122.0,90458.0,1.5,14,8137.0,3390.0,41.661545973133165,44.44444444444444,0.3814989867415046,904.1111111111111,110.0,12.222222222222221,0.0,0.0,0.0,0.0,100.0,78.0,0.8888888888888888,0.1111111111111111,0.4444444444444444,135687.0,3258716.94,1628244.0,244202.7,40.0,0.0,10.0,72.23230919462664,1,0,1
C0074,Bronze,2021-12-26,57,Male,Bengaluru,Business,Low,8,850765,106345.62,Sony,0.5,0.07,1.33,Medium,32,No,Needs Attention,Low,TV,Sony,Offline,4,2,0.9528195282293931,21.142857142857142,0.6248660769140628,33,8,850765.0,850765.0,106345.625,1.3333333333333333,33,8505.0,4231.0,49.747207466493585,25.0,0.45044181789583543,1063.125,112.0,18.125,0.0,0.0,0.0,0.0,100.0,66.0,0.625,0.375,0.5,141794.16666666666,7793729.47,1701530.0,255187.19,40.0,0.0,10.0,55.24944149329872,1,0,0
C0075,Silver,2022-07-11,27,Male,Hyderabad,Student,Low,6,447223,74537.17,Google Nest,0.48,0.05,1.0,High,39,No,Needs Attention,Low,Smart Home,Google Nest,Offline,4,3,0.8962406222948989,27.6,0.6532750252116759,40,6,447223.0,447223.0,74537.16666666667,1.0,40,4470.0,2141.0,47.89709161544275,50.0,0.39349384232035683,745.0,66.0,27.333333333333332,0.0,0.0,0.0,0.0,100.0,78.0,0.5,0.5,0.3333333333333333,74537.16666666667,3614516.9,894446.0,134145.49,40.0,0.0,10.0,65.97941832308855,0,0,0
C0076,Platinum,2025-03-13,54,Female,Hyderabad,Business,Medium,10,988977,98897.7,Apple,0.28,0.13,1.67,High,2,No,Critical,Low,Smartphone,Apple,App,4,2,0.8804820208364506,18.77777777777778,0.20213933215770105,3,10,988977.0,988977.0,98897.7,1.6666666666666667,3,9887.0,2724.0,27.551330001465228,50.0,0.24633749299481147,988.7,117.0,16.3,0.0,0.0,0.0,0.0,100.0,78.0,0.6,0.4,0.3,164829.5,2707671.46,1977954.0,296665.86,10.0,0.0,10.0,76.91026600029305,1,0,1
C0077,Silver,2021-09-03,37,Female,Delhi,CA,Medium,10,950669,95066.9,Samsung,0.3,0.14,1.67,High,2,No,Critical,Low,TV,Samsung,Offline,4,4,0.9232196694501177,18.333333333333332,0.7396589845347993,3,10,950669.0,950669.0,95066.9,1.6666666666666667,3,9501.0,2880.0,30.31259864191917,60.0,0.2700421938396229,950.1,137.0,17.4,0.0,0.0,0.0,0.0,100.0,78.0,0.5,0.5,0.1,158444.83333333334,9302371.0,1901338.0,285171.9,10.0,0.0,10.0,62.46251972838383,1,0,0
C0078,Bronze,2021-10-03,54,Female,Delhi,Manager,Medium,9,687922,76435.78,Google Nest,0.48,0.02,1.5,Medium,1,No,Needs Attention,Low,Smart Home,Google Nest,Offline,4,3,0.723308330928714,21.875,0.8350963932075638,2,9,687922.0,687922.0,76435.77777777778,1.5,2,6876.0,3293.0,47.89121575350318,66.66666666666666,0.40911914472714733,764.0,102.0,24.666666666666668,0.0,0.0,0.0,0.0,100.0,66.0,0.4444444444444444,0.5555555555555556,0.2222222222222222,114653.66666666667,6618365.25,1375844.0,206343.67,40.0,0.0,10.0,54.878243150700634,0,0,0
C0079,Platinum,2024-07-10,33,Male,Delhi,Student,Medium,8,700671,87583.88,Samsung,0.49,0.05,1.33,Medium,45,No,Needs Attention,Low,Audio,Samsung,Offline,4,2,0.8749999971146099,16.0,0.6203581720042679,46,8,700671.0,700671.0,87583.875,1.3333333333333333,46,7003.0,3440.0,49.12180487059574,12.5,0.4350575433981819,875.375,97.0,17.875,0.0,0.0,0.0,0.0,100.0,66.0,0.625,0.375,0.125,116778.5,2862152.31,1401342.0,210166.9,40.0,0.0,10.0,77.62436097411914,0,0,1
C0080,Bronze,2024-08-04,49,Male,Delhi,CA,Medium,5,637092,127418.4,Samsung,0.37,0.0,0.83,Medium,26,No,Critical,Low,TV,Samsung,App,2,1,0.7219280920019722,23.25,0.2698317507949109,27,5,637092.0,637092.0,127418.4,0.8333333333333334,27,6369.0,2328.0,36.55204892989159,60.0,0.30124223563503855,1273.8,45.0,23.4,0.0,0.0,0.0,0.0,100.0,66.0,0.8,0.2,0.2,106182.0,2515227.01,1274184.0,191104.32,10.0,0.0,10.0,52.61040978597832,0,0,0
C0081,Gold,2023-12-10,29,Female,Mumbai,Manager,High,4,376255,94063.75,Google Nest,0.29,0.03,0.67,Medium,32,No,Critical,Low,Security,Google Nest,Offline,3,2,0.9463946276264684,47.333333333333336,0.0693696710095781,33,4,376255.0,376255.0,94063.75,0.6666666666666666,33,3761.0,1083.0,28.795533026334663,25.0,0.2165566882292408,940.25,33.0,18.0,0.0,0.0,0.0,0.0,84.0,62.16,0.5,0.5,0.5,62709.166666666664,1975789.43,752510.0,112865.67,10.0,0.0,10.0,64.90710660526693,0,0,1
C0082,Bronze,2024-10-08,26,Male,Pune,Student,High,7,823040,117577.14,Bose,0.34,0.23,1.17,Medium,46,No,Critical,Low,Audio,Bose,App,2,1,0.9852281331488615,21.333333333333332,0.6777652936736253,47,7,823040.0,823040.0,117577.14285714286,1.1666666666666667,47,8228.0,2766.0,33.61691780066004,42.857142857142854,0.29118854585620746,1175.4285714285713,50.0,20.142857142857142,0.0,0.0,0.0,0.0,100.0,66.0,0.8571428571428571,0.14285714285714285,0.42857142857142855,137173.33333333334,2956409.25,1646080.0,246884.34,10.0,0.0,10.0,52.023383560132004,1,0,0
C0083,Gold,2022-06-21,28,Male,Hyderabad,Doctor,High,6,684758,114126.33,Sony,0.62,0.07,1.0,Medium,12,No,Needs Attention,Low,Audio,Sony,Offline,3,3,0.9206198329835873,29.0,0.9071319774211831,13,6,684758.0,684758.0,114126.33333333333,1.0,13,6845.0,4219.0,61.63623073537438,16.666666666666664,0.5621585602103151,1140.8333333333333,84.0,11.5,0.0,0.0,0.0,0.0,100.0,66.0,0.5,0.5,0.3333333333333333,114126.33333333333,5609297.57,1369516.0,205385.21,40.0,0.0,10.0,72.62724614707487,0,0,1
C0084,Silver,2022-09-10,37,Female,Ahmedabad,Business,Medium,6,423199,70533.17,Apple,0.44,0.0,1.0,Medium,53,No,Needs Attention,Low,Smartphone,Apple,Offline,4,2,0.8962406222948989,20.4,0.5288030185346819,54,6,423199.0,423199.0,70533.16666666667,1.0,54,4229.0,1881.0,44.4786000367023,50.0,0.3879150332276448,704.8333333333334,68.0,21.333333333333332,0.0,0.0,0.0,0.0,100.0,66.0,0.16666666666666666,0.8333333333333334,0.0,70533.16666666667,3278995.67,846398.0,126940.89,40.0,0.0,10.0,61.695720007340455,0,0,0
C0085,Gold,2021-02-11,55,Female,Ahmedabad,Manager,Medium,7,641844,91692.0,Apple,0.21,0.19,1.17,High,20,No,Critical,Low,Audio,Apple,App,3,2,0.8699155270429084,26.0,0.6912962060300135,21,7,641844.0,641844.0,91692.0,1.1666666666666667,21,6415.0,1369.0,21.340607916850182,57.14285714285714,0.17395171515380978,916.4285714285714,82.0,19.428571428571427,0.0,0.0,0.0,0.0,100.0,78.0,0.5714285714285714,0.42857142857142855,0.14285714285714285,106974.0,6997461.49,1283688.0,192539.51,10.0,0.0,10.0,68.16812158337004,0,0,1
C0086,Bronze,2020-01-20,26,Male,Ahmedabad,Doctor,Medium,10,1076309,107630.9,Bose,0.4,0.02,1.67,High,46,No,Needs Attention,Low,Audio,Bose,App,3,2,0.8173454194157925,14.777777777777779,0.5704075347117763,47,10,1076309.0,1076309.0,107630.9,1.6666666666666667,47,10757.0,4302.0,39.99256294506595,30.0,0.3523918738922085,1075.7,114.0,21.9,0.0,0.0,0.0,0.0,100.0,78.0,0.8,0.2,0.3,179384.83333333334,14020748.04,2152618.0,322849.68,40.0,0.0,10.0,56.89851258901319,1,0,0
C0087,Gold,2020-02-17,58,Female,Hyderabad,Doctor,High,6,298695,49782.5,Apple,0.45,0.13,1.0,Medium,35,No,Needs Attention,Low,Audio,Apple,App,2,1,0.6500224187629642,28.8,0.7891263249502248,36,6,298695.0,298695.0,49782.5,1.0,36,2983.0,1357.0,45.49111617334523,66.66666666666666,0.3534774671698946,497.1666666666667,78.0,15.5,0.0,0.0,0.0,0.0,100.0,66.0,0.8333333333333334,0.16666666666666666,0.16666666666666666,49782.5,3845212.57,597390.0,89594.93,40.0,0.0,10.0,69.39822323466905,0,0,1
C0088,Gold,2022-12-01,48,Female,Hyderabad,Doctor,Medium,9,907007,100778.56,Google Nest,0.47,0.08,1.5,High,5,No,Needs Attention,Low,Security,Google Nest,Offline,4,3,0.8288713603670543,21.875,0.4984935742704662,6,9,907007.0,907007.0,100778.55555555556,1.5,6,9068.0,4230.0,46.6475517791712,33.33333333333333,0.4087351430971735,1007.5555555555555,78.0,10.444444444444445,0.0,0.0,0.0,0.0,100.0,78.0,0.5555555555555556,0.4444444444444444,0.4444444444444444,151167.83333333334,6620344.04,1814014.0,272059.8,40.0,0.0,10.0,73.22951035583424,1,0,1
C0089,Silver,2023-10-17,46,Male,Mumbai,Doctor,Medium,8,503668,62958.5,Sony,0.31,0.2,1.33,High,47,No,Critical,Low,Audio,Sony,Offline,5,3,0.9283832086629118,16.0,0.6271622344122457,48,8,503668.0,503668.0,62958.5,1.3333333333333333,48,5032.0,1538.0,30.564387856589054,100.0,0.26939919378280053,629.0,114.0,21.875,0.0,0.0,0.0,0.0,100.0,78.0,0.5,0.5,0.625,83944.66666666667,2793788.82,1007336.0,151085.02,10.0,0.0,10.0,62.51287757131781,0,0,0
C0090,Gold,2021-03-03,43,Male,Hyderabad,CA,Medium,4,319520,79880.0,Apple,0.38,0.05,0.67,Medium,39,No,Critical,Low,Watch,Apple,Offline,3,3,0.9463946276264684,31.333333333333332,0.7509495879094389,40,4,319520.0,319520.0,79880.0,0.6666666666666666,40,3193.0,1218.0,38.14594413358614,50.0,0.296206224960588,798.25,44.0,20.75,0.0,0.0,0.0,0.0,100.0,66.0,0.5,0.5,0.25,53253.333333333336,3448454.05,639040.0,95843.82,10.0,0.0,10.0,67.92918882671722,0,0,1
C0091,Platinum,2024-04-17,57,Female,Delhi,Business,High,10,927441,92744.1,Bose,0.47,0.07,1.67,High,16,No,Needs Attention,Low,Audio,Bose,Offline,3,2,0.8173454194157925,14.0,0.29729699122249836,17,10,927441.0,927441.0,92744.1,1.6666666666666667,17,9271.0,4365.0,47.08229959326686,20.0,0.40582000706041277,927.1,109.0,18.2,0.0,0.0,0.0,0.0,100.0,78.0,0.6,0.4,0.2,154573.5,4215063.82,1854882.0,278188.65,40.0,0.0,10.0,80.81645991865338,1,0,1
C0092,Bronze,2024-03-22,43,Female,Hyderabad,Doctor,Low,5,366061,73212.2,Google Nest,0.34,0.05,0.83,Medium,52,No,Critical,Low,Security,Google Nest,Offline,3,2,0.9602297151300435,30.25,0.8509158431713747,53,5,366061.0,366061.0,73212.2,0.8333333333333334,53,3658.0,1246.0,34.06232904849008,60.0,0.2611064537696847,731.6,35.0,16.2,0.0,0.0,0.0,0.0,86.2,62.688,0.6,0.4,0.6,61010.166666666664,1715801.32,732122.0,109805.84,10.0,0.0,10.0,51.118865809698015,0,0,0
C0093,Bronze,2019-10-18,59,Female,Mumbai,Doctor,Low,5,393387,78677.4,Google Nest,0.52,0.41,0.83,Medium,137,No,Needs Attention,Medium,Security,Bose,App,3,3,0.9602297151300435,9.25,0.6701055760355764,138,5,393387.0,393387.0,78677.4,0.8333333333333334,138,3931.0,2057.0,52.32765186383197,40.0,0.5094105980450455,786.2,48.0,15.6,0.0,0.0,0.0,0.0,100.0,66.0,0.6,0.4,0.4,65564.5,5327014.65,786774.0,117995.53,40.0,0.0,50.0,47.76553037276639,0,1,0
C0094,Gold,2023-06-21,43,Female,Mumbai,Business,Medium,6,563341,93890.17,Google Nest,0.5,0.14,1.0,High,35,No,Needs Attention,Low,Smart Home,Google Nest,Offline,3,2,0.78969007941213,27.6,0.1471774618237399,36,6,563341.0,563341.0,93890.16666666667,1.0,36,5630.0,2840.0,50.4440496439715,66.66666666666666,0.45418199191718855,938.3333333333334,45.0,18.5,0.0,0.0,0.0,0.0,100.0,78.0,0.5,0.5,0.5,93890.16666666667,3488781.22,1126682.0,168973.9,40.0,0.0,10.0,73.9888099287943,0,0,1
C0095,Bronze,2022-05-15,28,Male,Delhi,Engineer,Medium,8,573628,71703.5,Sony,0.38,0.28,1.33,Medium,42,No,Critical,Low,Gaming,Sony,Online,3,2,0.8868595044121972,19.571428571428573,0.9739127677251109,43,8,573628.0,573628.0,71703.5,1.3333333333333333,43,5733.0,2187.0,38.14756665245497,37.5,0.3228997485266503,716.625,131.0,14.375,0.0,0.0,0.0,0.0,100.0,66.0,0.625,0.375,0.0,95604.66666666667,4815177.13,1147256.0,172066.53,10.0,0.0,10.0,52.92951333049099,0,0,0
C0096,Silver,2023-01-29,34,Male,Hyderabad,Manager,Low,10,754036,75403.6,Sony,0.48,0.09,1.67,High,27,No,Needs Attention,Low,TV,Sony,Offline,5,3,0.8445412433520398,16.0,0.8497866221594279,28,10,754036.0,754036.0,75403.6,1.6666666666666667,28,7536.0,3616.0,47.98301479832403,60.0,0.4312462725924314,753.6,117.0,19.7,0.0,0.0,0.0,0.0,100.0,78.0,0.6,0.4,0.5,125672.66666666667,5260188.17,1508072.0,226174.64,40.0,0.0,10.0,65.9966029596648,0,0,0
C0097,Platinum,2024-09-21,34,Female,Mumbai,Doctor,Low,4,456693,114173.25,Google Nest,0.28,0.39,0.67,Medium,43,No,Critical,Low,Security,Google Nest,App,2,1,0.99999999711461,32.0,0.489016210152027,44,4,456693.0,456693.0,114173.25,0.6666666666666666,44,4565.0,1292.0,28.302300047530558,75.0,0.24145019577378024,1141.25,42.0,17.75,0.0,0.0,0.0,0.0,100.0,66.0,1.0,0.0,0.25,76115.5,1682980.91,913386.0,136994.98,10.0,0.0,10.0,73.46046000950611,0,0,1
C0098,Gold,2021-01-23,55,Female,Mumbai,Doctor,Low,4,377377,94344.25,Google Nest,0.24,0.03,0.67,Medium,26,No,Critical,Low,Smart Home,Google Nest,Offline,2,2,0.8112781215737428,38.0,0.6239308338515492,27,4,377377.0,377377.0,94344.25,0.6666666666666666,27,3772.0,903.0,23.939554549470955,50.0,0.18637770859364766,943.0,41.0,21.75,0.0,0.0,0.0,0.0,100.0,66.0,0.5,0.5,0.25,62896.166666666664,4153471.7,754754.0,113204.07,10.0,0.0,10.0,65.08791090989419,0,0,1
C0099,Gold,2019-10-07,46,Male,Ahmedabad,Doctor,Low,10,1281849,128184.9,Google Nest,0.44,0.1,1.67,High,13,No,Needs Attention,Low,Security,Google Nest,App,5,4,0.9349775266604486,17.88888888888889,0.5851239447203384,14,10,1281849.0,1281849.0,128184.9,1.6666666666666667,14,12814.0,5579.0,43.53831743129521,70.0,0.4043339611506494,1281.4,137.0,21.0,0.0,0.0,0.0,0.0,100.0,78.0,0.8,0.2,0.4,213641.5,17435252.11,2563698.0,384498.91,40.0,0.0,10.0,72.60766348625904,1,0,1
C0100,Gold,2023-11-05,47,Female,Pune,Doctor,Medium,6,608638,101439.67,Bose,0.15,0.13,1.0,Medium,38,No,Critical,Low,Speaker,Bose,App,3,2,0.9206198329835873,27.0,0.6166891464267883,39,6,608638.0,608638.0,101439.66666666667,1.0,39,6083.0,914.0,15.025480823564886,50.0,0.12754674835675867,1013.8333333333334,92.0,17.0,0.0,0.0,0.0,0.0,100.0,66.0,0.6666666666666666,0.3333333333333333,0.3333333333333333,101439.66666666667,3312723.73,1217276.0,182582.26,10.0,0.0,10.0,63.30509616471298,0,0,1
C0101,Platinum,2024-10-30,29,Male,Bengaluru,Doctor,Low,9,1007720,111968.89,Samsung,0.28,0.02,1.5,High,5,No,Critical,Low,Audio,Samsung,Offline,3,3,0.9656336044121073,21.875,0.5707112473044252,6,9,1007720.0,1007720.0,111968.88888888889,1.5,6,10072.0,2784.0,27.640984881214276,33.33333333333333,0.24335664314391903,1119.111111111111,113.0,22.77777777777778,0.0,0.0,0.0,0.0,100.0,78.0,0.4444444444444444,0.5555555555555556,0.5555555555555556,167953.33333333334,3498395.51,2015440.0,302288.16,10.0,0.0,10.0,76.92819697624286,1,0,1
C0102,Bronze,2023-04-18,40,Male,Bengaluru,Business,Low,7,528620,75517.14,Sony,0.41,0.02,1.17,High,4,No,Needs Attention,Low,TV,Sony,Offline,4,3,0.9211854937031643,29.0,0.3780677368845157,5,7,528620.0,528620.0,75517.14285714286,1.1666666666666667,5,5282.0,2177.0,41.215448615646636,42.857142857142854,0.3379385278827406,754.5714285714286,72.0,18.571428571428573,0.0,0.0,0.0,0.0,100.0,78.0,0.5714285714285714,0.42857142857142855,0.0,88103.33333333333,3459005.61,1057240.0,158564.23,40.0,0.0,10.0,57.14308972312933,0,0,0
C0103,Platinum,2022-02-24,31,Male,Ahmedabad,Manager,High,10,939258,93925.8,Sony,0.3,0.16,1.67,High,20,No,Critical,Low,Gaming,Sony,Offline,4,2,0.9232196694501177,17.666666666666668,0.48539606158084114,21,10,939258.0,939258.0,93925.8,1.6666666666666667,21,9385.0,2779.0,29.611081481501245,30.0,0.2628393074218866,938.5,73.0,17.8,0.0,0.0,0.0,0.0,100.0,78.0,0.6,0.4,0.2,156543.0,8295814.67,1878516.0,281749.61,10.0,0.0,10.0,77.32221629630025,1,0,1
C0104,Bronze,2024-04-06,24,Male,Hyderabad,Engineer,Low,5,549217,109843.4,Google Nest,0.47,0.0,0.83,Medium,12,No,Needs Attention,Low,Audio,Apple,Online,4,3,0.960964044558291,38.25,0.32370031773686353,13,5,549217.0,549217.0,109843.4,0.8333333333333334,13,5490.0,2595.0,47.267759476743606,40.0,0.3964252972862431,1098.0,42.0,22.0,0.0,0.0,0.0,0.0,100.0,66.0,0.8,0.2,0.4,91536.16666666667,2529180.0,1098434.0,164739.15,40.0,0.0,10.0,54.75355189534872,0,0,0
C0105,Bronze,2023-09-11,45,Female,Bengaluru,Manager,Low,9,1141016,126779.56,Apple,0.24,0.17,1.5,Medium,33,No,Critical,Low,Audio,Apple,Offline,4,2,0.8288713603670543,17.875,0.930985411689714,34,9,1141016.0,1141016.0,126779.55555555556,1.5,34,11406.0,2749.0,24.10135014544858,66.66666666666666,0.21346482356463362,1267.3333333333333,135.0,15.11111111111111,0.0,0.0,0.0,0.0,100.0,66.0,0.4444444444444444,0.5555555555555556,0.3333333333333333,190169.33333333334,6554008.4,2282032.0,342277.31,10.0,0.0,10.0,50.12027002908971,1,0,0
C0106,Silver,2024-07-24,23,Female,Pune,Manager,Medium,4,392745,98186.25,Google Nest,0.43,0.22,0.67,Medium,27,No,Needs Attention,Low,Smart Home,Google Nest,Offline,3,2,0.9463946276264684,45.333333333333336,0.43918983655985755,28,4,392745.0,392745.0,98186.25,0.6666666666666666,28,3925.0,1699.0,43.28662409353726,50.0,0.3957605394927544,981.25,23.0,18.0,0.0,0.0,0.0,0.0,64.0,57.36,0.5,0.5,0.5,65457.5,1574205.83,785490.0,117806.51,40.0,0.0,10.0,58.86532481870745,0,0,0
C0107,Platinum,2024-05-01,49,Female,Mumbai,Manager,Low,6,456754,76125.67,Bose,0.35,0.25,1.0,High,26,No,Critical,Low,Speaker,Bose,App,3,2,0.78969007941213,30.6,0.9255718011024517,27,6,456754.0,456754.0,76125.66666666667,1.0,27,4564.0,1597.0,34.991235681439015,50.0,0.3000187858350201,760.6666666666666,68.0,22.5,0.0,0.0,0.0,0.0,100.0,78.0,0.8333333333333334,0.16666666666666666,0.5,76125.66666666667,2040855.66,913508.0,137010.23,10.0,0.0,10.0,78.39824713628781,0,0,1
C0108,Silver,2020-03-31,36,Male,Ahmedabad,Business,High,8,1043382,130422.75,Sony,0.33,0.01,1.33,Medium,2,No,Critical,Low,Audio,Sony,Online,3,3,0.9850568195907903,25.0,0.5851517110282843,3,8,1043382.0,1043382.0,130422.75,1.3333333333333333,3,10429.0,3465.0,33.22466196833382,62.5,0.3003901167746943,1303.625,115.0,23.75,0.0,0.0,0.0,0.0,100.0,66.0,0.875,0.125,0.25,173897.0,13186177.45,2086764.0,312979.95,10.0,0.0,10.0,59.44493239366676,1,0,0
C0109,Silver,2021-04-09,23,Female,Pune,CA,Low,5,456622,91324.4,Samsung,0.3,0.1,0.83,Medium,16,No,Critical,Low,Audio,Apple,App,2,3,0.7219280920019722,29.5,0.3694174605112645,17,5,456622.0,456622.0,91324.4,0.8333333333333334,17,4563.0,1368.0,29.980276068419297,60.0,0.25133198557535924,912.6,48.0,26.6,0.0,0.0,0.0,0.0,100.0,66.0,0.6,0.4,0.4,76103.66666666667,4835630.11,913244.0,136972.92,10.0,0.0,10.0,58.79605521368386,0,0,0
C0110,Silver,2024-04-21,24,Female,Mumbai,Doctor,Medium,10,1092397,109239.7,Samsung,0.41,0.04,1.67,High,40,No,Needs Attention,Low,TV,Samsung,Offline,4,2,0.9232196694501177,14.666666666666666,0.5807929134575356,41,10,1092397.0,1092397.0,109239.7,1.6666666666666667,41,10919.0,4524.0,41.43236556330033,50.0,0.37883101626291155,1091.9,78.0,20.5,0.0,0.0,0.0,0.0,100.0,78.0,0.6,0.4,0.6,182066.16666666666,4940834.62,2184794.0,327673.86,40.0,0.0,10.0,64.68647311266007,1,0,0
C0111,Gold,2022-12-17,48,Male,Delhi,Manager,High,5,493808,98761.6,Sony,0.41,0.15,0.83,Medium,25,No,Needs Attention,Low,Audio,Sony,Offline,3,3,0.9602297151300435,37.5,0.5281640235267077,26,5,493808.0,493808.0,98761.6,0.8333333333333334,26,4935.0,2028.0,41.09422484074119,40.0,0.3407830610976591,987.0,31.0,17.4,0.0,0.0,0.0,0.0,79.4,61.056000000000004,0.6,0.4,0.0,82301.33333333333,3561095.89,987616.0,148122.12,40.0,0.0,10.0,67.03564496814823,0,0,1
C0112,Silver,2024-05-27,46,Female,Delhi,Student,Medium,4,169667,42416.75,Sony,0.37,0.0,0.67,Medium,36,No,Critical,Low,Gaming,Sony,App,3,3,0.9463946276264684,15.0,0.03449951926221505,37,4,169667.0,169667.0,42416.75,0.6666666666666666,37,1695.0,625.0,36.87315612464215,50.0,0.27496700274981517,423.75,47.0,12.25,0.0,0.0,0.0,0.0,100.0,66.0,0.75,0.25,0.0,28277.833333333332,733946.23,339334.0,50893.85,10.0,0.0,10.0,60.174631224928426,0,0,0
C0113,Platinum,2020-11-03,28,Female,Ahmedabad,CA,Low,6,731593,121932.17,Google Nest,0.42,0.14,1.0,Medium,27,No,Needs Attention,Low,Security,Google Nest,Online,2,1,0.99999999711461,28.6,0.9045392965684363,28,6,731593.0,731593.0,121932.16666666667,1.0,28,7313.0,3100.0,42.39026385561293,33.33333333333333,0.3519128160382418,1218.8333333333333,86.0,18.333333333333332,0.0,0.0,0.0,0.0,100.0,66.0,0.8333333333333334,0.16666666666666666,0.3333333333333333,121932.16666666667,8376514.51,1463186.0,219446.9,40.0,0.0,10.0,76.27805277112259,0,0,1
C0114,Silver,2021-06-06,38,Female,Ahmedabad,Manager,Medium,8,462681,57835.12,Sony,0.34,0.12,1.33,High,113,No,Critical,Low,Gaming,Sony,Offline,4,2,0.9528195282293931,9.285714285714286,0.7382695947247336,114,8,462681.0,462681.0,57835.125,1.3333333333333333,114,4623.0,1589.0,34.37162008572005,62.5,0.2670139467870712,577.875,90.0,18.75,0.0,0.0,0.0,0.0,100.0,78.0,0.25,0.75,0.125,77113.5,4752851.78,925362.0,138788.41,10.0,0.0,10.0,63.27432401714401,0,1,0
C0115,Silver,2023-10-07,42,Male,Delhi,CA,Medium,7,787510,112501.43,Samsung,0.47,0.03,1.17,High,34,No,Needs Attention,Low,Smartphone,Samsung,App,2,1,0.9852281331488615,20.833333333333332,0.6694383662266922,35,7,787510.0,787510.0,112501.42857142857,1.1666666666666667,35,7870.0,3665.0,46.56925025848888,57.14285714285714,0.39772110645933684,1124.2857142857142,50.0,21.857142857142858,0.0,0.0,0.0,0.0,100.0,78.0,0.8571428571428571,0.14285714285714285,0.5714285714285714,131251.66666666666,4411349.65,1575020.0,236216.35,40.0,0.0,10.0,65.71385005169778,0,0,0
C0116,Gold,2023-08-27,39,Male,Pune,Doctor,Low,8,825159,103144.88,Apple,0.57,0.03,1.33,High,0,No,Needs Attention,Low,Audio,Apple,App,3,1,0.8194483691420859,22.571428571428573,0.798444339408026,1,8,825159.0,825159.0,103144.875,1.3333333333333333,1,8249.0,4727.0,57.30391555666879,62.5,0.5215712230811307,1031.125,83.0,22.0,0.0,0.0,0.0,0.0,100.0,78.0,0.625,0.375,0.25,137526.5,4807497.2,1650318.0,247500.43,40.0,0.0,10.0,75.36078311133376,1,0,1
C0117,Silver,2023-03-30,60,Male,Delhi,Business,Low,10,737229,73722.9,Sony,0.38,0.12,1.67,High,6,No,Critical,Low,TV,Sony,Offline,3,3,0.9372305604854119,17.88888888888889,0.6374806166693102,7,10,737229.0,737229.0,73722.9,1.6666666666666667,7,7367.0,2830.0,38.41455132562162,60.0,0.32335466142212677,736.7,83.0,15.9,0.0,0.0,0.0,0.0,100.0,78.0,0.4,0.6,0.5,122871.5,4900731.04,1474458.0,221140.4,10.0,0.0,10.0,64.08291026512433,0,0,0
C0118,Silver,2022-05-01,33,Male,Pune,Student,High,10,852824,85282.4,Google Nest,0.41,0.05,1.67,High,8,No,Needs Attention,Low,Security,Google Nest,App,3,2,0.8586727083425374,18.666666666666668,0.895337732591557,9,10,852824.0,852824.0,85282.4,1.6666666666666667,9,8523.0,3480.0,40.830693369904154,40.0,0.3542705890723093,852.3,117.0,18.1,0.0,0.0,0.0,0.0,100.0,78.0,0.8,0.2,0.2,142137.33333333334,7224195.64,1705648.0,255812.4,40.0,0.0,10.0,64.56613867398083,1,0,0
C0119,Gold,2024-07-09,53,Female,Bengaluru,Business,Medium,10,1430629,143062.9,Bose,0.33,0.05,1.67,High,6,No,Critical,Low,Audio,Bose,Online,2,2,0.4689955907038912,16.555555555555557,0.7006866078552751,7,10,1430629.0,1430629.0,143062.9,1.6666666666666667,7,14301.0,4772.0,33.36829590002916,80.0,0.3025423189611727,1430.1,81.0,20.5,0.0,0.0,0.0,0.0,100.0,78.0,0.8,0.2,0.3,238438.16666666666,5851772.01,2861258.0,429140.98,10.0,0.0,10.0,70.57365918000583,1,0,1
C0120,Gold,2022-06-15,31,Male,Delhi,Doctor,Low,6,569730,94955.0,Sony,0.46,0.16,1.0,Medium,14,No,Needs Attention,Low,TV,Sony,App,5,3,0.9697238967615727,27.0,0.6233465711622449,15,6,569730.0,569730.0,94955.0,1.0,15,5695.0,2593.0,45.53116761100761,16.666666666666664,0.3811553720694468,949.1666666666666,45.0,22.333333333333332,0.0,0.0,0.0,0.0,100.0,66.0,0.6666666666666666,0.3333333333333333,0.6666666666666666,94955.0,4685746.53,1139460.0,170893.07,40.0,0.0,10.0,69.40623352220152,0,0,1
C0121,Gold,2023-05-06,37,Female,Pune,Engineer,Medium,6,349174,58195.67,Sony,0.54,0.2,1.0,Medium,22,No,Needs Attention,Low,Gaming,Sony,App,4,2,0.9591479141418546,30.8,0.9044810234986268,23,6,349174.0,349174.0,58195.666666666664,1.0,23,3489.0,1870.0,53.59701904959295,33.33333333333333,0.45732452810632296,581.5,77.0,16.0,0.0,0.0,0.0,0.0,100.0,66.0,0.6666666666666666,0.3333333333333333,0.16666666666666666,58195.666666666664,2250391.78,698348.0,104733.5,40.0,0.0,10.0,71.01940380991859,0,0,1
C0122,Platinum,2024-04-05,29,Male,Hyderabad,Doctor,Low,8,372476,46559.5,Google Nest,0.62,0.01,1.33,Medium,10,No,Needs Attention,Low,Security,Google Nest,Offline,3,2,0.9463946276264684,22.285714285714285,0.9057320520096093,11,8,372476.0,372476.0,46559.5,1.3333333333333333,11,3720.0,2315.0,62.2311826284108,25.0,0.5709001218966705,465.0,57.0,18.875,0.0,0.0,0.0,0.0,100.0,66.0,0.625,0.375,0.5,62079.333333333336,1717315.77,744952.0,111719.65,40.0,0.0,10.0,80.24623652568215,0,0,1
C0123,Gold,2019-09-13,46,Female,Delhi,CA,Medium,9,671325,74591.67,Apple,0.33,0.17,1.5,High,2,No,Critical,Low,Smartphone,Apple,App,4,2,0.9455305531509361,21.75,0.8721660150538124,3,9,671325.0,671325.0,74591.66666666667,1.5,3,6709.0,2216.0,33.03025781333991,77.77777777777779,0.29347106304665466,745.4444444444445,79.0,12.444444444444445,0.0,0.0,0.0,0.0,100.0,78.0,0.6666666666666666,0.3333333333333333,0.2222222222222222,111887.5,9219346.2,1342650.0,201375.34,10.0,0.0,10.0,70.50605156266798,0,0,1
C0124,Bronze,2020-12-16,33,Female,Pune,CA,High,8,724827,90603.38,Samsung,0.5,0.0,1.33,High,15,No,Needs Attention,Low,TV,Samsung,Online,4,2,0.8749999971146099,23.571428571428573,0.6191276857618127,16,8,724827.0,724827.0,90603.375,1.3333333333333333,16,7244.0,3621.0,49.986195403111275,37.5,0.45048519476177507,905.5,91.0,13.875,0.0,0.0,0.0,0.0,100.0,78.0,0.875,0.125,0.375,120804.5,8128381.63,1449654.0,217411.89,40.0,0.0,10.0,58.897239080622256,0,0,0
C0125,Gold,2021-09-07,37,Female,Bengaluru,Doctor,Medium,7,449413,64201.86,Sony,0.43,0.16,1.17,High,37,No,Needs Attention,Low,Audio,Sony,Offline,5,3,0.9165164400929279,21.833333333333332,0.377703025726807,38,7,449413.0,449413.0,64201.857142857145,1.1666666666666667,38,4491.0,1928.0,42.93030495896169,71.42857142857143,0.38567713465557685,641.5714285714286,85.0,16.142857142857142,0.0,0.0,0.0,0.0,100.0,78.0,0.2857142857142857,0.7142857142857143,0.2857142857142857,74902.16666666667,4387698.17,898826.0,134804.62,40.0,0.0,10.0,72.48606099179234,0,0,1
C0126,Gold,2021-05-12,36,Male,Mumbai,Engineer,Medium,8,657532,82191.5,Sony,0.43,0.04,1.33,High,16,No,Needs Attention,Low,Audio,Apple,App,3,4,0.6695919428050616,16.857142857142858,0.7908131292466754,17,8,657532.0,657532.0,82191.5,1.3333333333333333,17,6571.0,2799.0,42.5962562127587,62.5,0.35706084914267017,821.375,102.0,13.375,0.0,0.0,0.0,0.0,100.0,78.0,0.875,0.125,0.25,109588.66666666667,6844453.56,1315064.0,197231.61,40.0,0.0,10.0,72.41925124255174,0,0,1
C0127,Gold,2020-11-29,45,Male,Delhi,Business,Low,8,649235,81154.38,Apple,0.38,0.14,1.33,Medium,17,No,Critical,Low,Audio,Apple,Online,3,2,0.8194483691420859,16.0,0.1307287357511892,18,8,649235.0,649235.0,81154.375,1.3333333333333333,18,6488.0,2470.0,38.07028354181522,75.0,0.336237407655544,811.0,84.0,18.625,0.0,0.0,0.0,0.0,100.0,66.0,0.75,0.25,0.25,108205.83333333333,7341110.34,1298470.0,194745.8,10.0,0.0,10.0,67.91405670836303,0,0,1
C0128,Bronze,2020-07-16,33,Male,Ahmedabad,CA,High,5,563286,112657.2,Apple,0.47,0.05,0.83,Medium,14,No,Needs Attention,Low,Watch,Apple,App,4,3,0.960964044558291,27.75,0.8074183350205558,15,5,563286.0,563286.0,112657.2,0.8333333333333334,15,5630.0,2643.0,46.944937749653754,80.0,0.3985824153241104,1126.0,56.0,15.2,0.0,0.0,0.0,0.0,100.0,66.0,1.0,0.0,0.4,93881.0,6788733.67,1126572.0,168959.37,40.0,0.0,10.0,54.68898754993075,0,0,0
C0129,Bronze,2024-11-15,32,Male,Pune,Manager,High,4,455927,113981.75,Google Nest,0.34,0.13,0.67,Medium,0,No,Critical,Low,Gaming,Google Nest,Offline,4,3,0.9999999971146099,46.666666666666664,0.2984027467025591,1,4,455927.0,455927.0,113981.75,0.6666666666666666,1,4557.0,1556.0,34.14527093670118,25.0,0.27423334459951826,1139.25,46.0,21.75,0.0,0.0,0.0,0.0,100.0,66.0,0.5,0.5,0.0,75987.83333333333,1542849.48,911854.0,136762.54,10.0,0.0,10.0,52.12905418734023,0,0,0
C0130,Platinum,2022-07-12,29,Female,Delhi,Engineer,High,10,803601,80360.1,Bose,0.34,0.03,1.67,High,2,No,Critical,Low,Audio,Bose,Offline,4,3,0.9232196694501177,18.666666666666668,0.6385735243036681,3,10,803601.0,803601.0,80360.1,1.6666666666666667,3,8031.0,2703.0,33.6570787776652,30.0,0.2865776078386582,803.1,97.0,22.6,0.0,0.0,0.0,0.0,100.0,78.0,0.5,0.5,0.0,133933.5,6490411.91,1607202.0,241053.27,10.0,0.0,10.0,78.13141575553304,0,0,1
C0131,Bronze,2021-05-05,36,Female,Pune,Doctor,Medium,5,524227,104845.4,Apple,0.43,0.01,0.83,Medium,37,No,Needs Attention,Low,Watch,Apple,Online,4,2,0.960964044558291,35.5,0.5780210360253867,38,5,524227.0,524227.0,104845.4,0.8333333333333334,38,5240.0,2238.0,42.70992358261465,40.0,0.34654691801401843,1048.0,53.0,15.8,0.0,0.0,0.0,0.0,100.0,66.0,0.8,0.2,0.0,87371.16666666667,5476934.24,1048454.0,157245.72,40.0,0.0,10.0,53.84198471652293,0,0,0
C0132,Bronze,2023-04-04,52,Female,Pune,Engineer,Low,7,668967,95566.71,Sony,0.51,0.06,1.17,Medium,17,No,Needs Attention,Low,Audio,Sony,Online,5,3,0.9165164400929279,25.5,0.63272733457891,18,7,668967.0,668967.0,95566.71428571429,1.1666666666666667,18,6687.0,3391.0,50.71033340704302,57.14285714285714,0.43913493856625885,955.2857142857143,84.0,17.714285714285715,0.0,0.0,0.0,0.0,100.0,66.0,1.0,0.0,0.5714285714285714,111494.5,4428643.96,1337934.0,200656.19,40.0,0.0,10.0,55.442066681408605,0,0,0
C0133,Bronze,2020-10-18,55,Female,Bengaluru,CA,High,7,510322,72903.14,Sony,0.26,0.17,1.17,Medium,56,No,Critical,Low,Audio,Sony,Offline,4,3,0.9211854937031643,20.5,0.8937220105678574,57,7,510322.0,510322.0,72903.14285714286,1.1666666666666667,57,5100.0,1303.0,25.549019557747023,42.857142857142854,0.20289629367347198,728.5714285714286,70.0,15.857142857142858,0.0,0.0,0.0,0.0,100.0,66.0,0.5714285714285714,0.42857142857142855,0.0,85053.66666666667,5887739.65,1020644.0,153083.57,10.0,0.0,10.0,50.4098039115494,0,0,0
C0134,Silver,2021-03-16,39,Male,Ahmedabad,Doctor,Low,8,702359,87794.88,Apple,0.28,0.12,1.33,High,18,No,Critical,Low,Smartphone,Apple,Offline,3,3,0.8868595044121972,22.142857142857142,0.5352957276309116,19,8,702359.0,702359.0,87794.875,1.3333333333333333,19,7019.0,1954.0,27.838723425219086,62.5,0.2549582460138854,877.375,92.0,20.0,0.0,0.0,0.0,0.0,100.0,78.0,0.625,0.375,0.625,117059.83333333333,7530288.42,1404718.0,210688.16,10.0,0.0,10.0,61.96774468504382,0,0,0
C0135,Silver,2020-09-21,37,Female,Delhi,Doctor,Medium,5,606871,121374.2,Apple,0.32,0.0,0.83,Medium,15,No,Critical,Low,Smartphone,Apple,Online,3,2,0.9602297151300435,25.0,0.3971274284900154,16,5,606871.0,606871.0,121374.2,0.8333333333333334,16,6067.0,1913.0,31.53123449558063,20.0,0.26273863444205653,1213.4,52.0,17.0,0.0,0.0,0.0,0.0,100.0,66.0,0.8,0.2,0.0,101145.16666666667,7091376.94,1213742.0,182042.17,10.0,0.0,10.0,59.10624689911612,0,0,0
C0136,Silver,2020-11-15,44,Male,Bengaluru,Business,Low,10,1176274,117627.4,Google Nest,0.5,0.08,1.67,High,8,No,Needs Attention,Low,Security,Google Nest,Offline,5,3,0.8813534501622085,16.77777777777778,0.5272307082348736,9,10,1176274.0,1176274.0,117627.4,1.6666666666666667,9,11760.0,5833.0,49.600340093877264,20.0,0.46776262993764023,1176.0,75.0,13.3,0.0,0.0,0.0,0.0,100.0,78.0,0.5,0.5,0.4,196045.66666666666,13390683.89,2352548.0,352823.87,40.0,0.0,10.0,66.32006801877546,1,0,0
C0137,Gold,2023-10-19,46,Female,Pune,Doctor,Medium,7,602027,86003.86,Samsung,0.41,0.08,1.17,Medium,6,No,Needs Attention,Low,TV,Samsung,App,4,2,0.9211854937031643,19.833333333333332,0.7005139695556047,7,7,602027.0,602027.0,86003.85714285714,1.1666666666666667,7,6016.0,2461.0,40.90757971923607,57.14285714285714,0.3573918089494746,859.4285714285714,73.0,24.428571428571427,0.0,0.0,0.0,0.0,100.0,66.0,0.5714285714285714,0.42857142857142855,0.7142857142857143,100337.83333333333,3332781.91,1204054.0,180583.49,40.0,0.0,10.0,68.48151594384721,0,0,1
C0138,Platinum,2021-11-09,23,Female,Ahmedabad,Engineer,Medium,5,520619,104123.8,Google Nest,0.42,0.02,0.83,Medium,7,No,Needs Attention,Low,Smart Home,Google Nest,App,2,2,0.7219280920019722,36.5,0.6383784826188834,8,5,520619.0,520619.0,104123.8,0.8333333333333334,8,5204.0,2208.0,42.42890076397214,40.0,0.36149312318026666,1040.8,54.0,23.4,0.0,0.0,0.0,0.0,100.0,66.0,0.6,0.4,0.2,86769.83333333333,4903297.36,1041238.0,156163.62,40.0,0.0,10.0,76.28578015279443,0,0,1
C0139,Bronze,2025-05-08,46,Male,Hyderabad,CA,Low,6,590657,98442.83,Apple,0.31,0.21,1.0,Medium,60,No,Critical,Low,Audio,Apple,App,4,2,0.8962406222948989,23.2,0.32083456907856284,61,6,590657.0,590657.0,98442.83333333333,1.0,61,5903.0,1817.0,30.780958782346335,50.0,0.2486996985372301,983.8333333333334,67.0,17.666666666666668,0.0,0.0,0.0,0.0,100.0,66.0,1.0,0.0,0.0,98442.83333333333,1436012.09,1181314.0,177178.93,10.0,0.0,10.0,51.456191756469266,0,1,0
C0140,Platinum,2024-10-02,48,Male,Ahmedabad,Manager,Low,10,1119166,111916.6,Google Nest,0.48,0.13,1.67,High,11,No,Needs Attention,Low,Smart Home,Google Nest,Offline,2,1,0.8812908963453026,18.666666666666668,0.5512041325909207,12,10,1119166.0,1119166.0,111916.6,1.6666666666666667,12,11187.0,5318.0,47.53732006119843,50.0,0.43490349980789705,1118.7,72.0,13.4,0.0,0.0,0.0,0.0,100.0,78.0,0.4,0.6,0.2,186527.66666666666,4056881.0,2238332.0,335696.62,40.0,0.0,10.0,80.90746401223969,1,0,1
C0141,Gold,2021-04-11,28,Male,Delhi,CA,Medium,8,796451,99556.38,Bose,0.44,0.05,1.33,High,4,No,Needs Attention,Low,Speaker,Bose,App,3,2,0.8868595044121972,25.0,0.5735703964623172,5,8,796451.0,796451.0,99556.375,1.3333333333333333,5,7961.0,3530.0,44.34116311475799,62.5,0.4043528059514859,995.125,99.0,13.375,0.0,0.0,0.0,0.0,100.0,78.0,0.75,0.25,0.125,132741.83333333334,8425699.29,1592902.0,238900.0,40.0,0.0,10.0,72.7682326229516,0,0,1
C0142,Silver,2024-04-11,32,Male,Hyderabad,Engineer,High,4,351854,87963.5,Samsung,0.47,0.16,0.67,Medium,4,No,Needs Attention,Low,Audio,Samsung,App,4,3,0.9999999971146099,52.0,0.6294604324616873,5,4,351854.0,351854.0,87963.5,0.6666666666666666,5,3516.0,1663.0,47.29806584955043,25.0,0.3926800462982762,879.0,46.0,20.25,0.0,0.0,0.0,0.0,100.0,66.0,0.75,0.25,0.75,58642.333333333336,1610677.31,703708.0,105539.57,40.0,0.0,10.0,62.25961316991008,0,0,0
C0143,Platinum,2020-11-08,35,Male,Bengaluru,Doctor,Low,8,483297,60412.12,Samsung,0.25,0.36,1.33,Medium,53,No,Critical,Low,Audio,Samsung,Online,5,4,0.9283832086629118,16.857142857142858,0.5330765142078335,54,8,483297.0,483297.0,60412.125,1.3333333333333333,54,4830.0,1189.0,24.616977174706054,62.5,0.22299324789386113,603.75,87.0,17.375,0.0,0.0,0.0,0.0,100.0,66.0,0.625,0.375,0.0,80549.5,5520369.84,966594.0,144977.21,10.0,0.0,10.0,72.72339543494121,0,0,1
C0144,Gold,2021-05-13,23,Female,Ahmedabad,Manager,High,9,768216,85357.33,Bose,0.52,0.11,1.5,High,31,No,Needs Attention,Low,Audio,Bose,Offline,4,3,0.8763576366044623,16.5,0.3700772595341983,32,9,768216.0,768216.0,85357.33333333333,1.5,32,7677.0,3967.0,51.67383085622792,55.55555555555556,0.4668157207968749,853.0,71.0,12.666666666666666,0.0,0.0,0.0,0.0,100.0,78.0,0.4444444444444444,0.5555555555555556,0.2222222222222222,128036.0,7992390.97,1536432.0,230425.13,40.0,0.0,10.0,74.23476617124558,0,0,1
C0145,Bronze,2023-09-10,33,Female,Delhi,Doctor,High,10,1105890,110589.0,Google Nest,0.36,0.12,1.67,High,37,No,Critical,Low,Smart Home,Google Nest,App,3,2,0.8586727083425374,14.444444444444445,0.6806586379018233,38,10,1105890.0,1105890.0,110589.0,1.6666666666666667,38,11054.0,4034.0,36.49357695269262,40.0,0.3242765270705173,1105.4,100.0,18.3,0.0,0.0,0.0,0.0,100.0,78.0,0.6,0.4,0.5,184315.0,6358299.79,2211780.0,331726.66,10.0,0.0,10.0,56.198715390538524,1,0,0
C0146,Silver,2023-03-12,52,Male,Hyderabad,Doctor,Low,7,649733,92819.0,Apple,0.65,0.08,1.17,High,22,No,Needs Attention,Low,Watch,Apple,App,4,3,0.9211854937031643,22.833333333333332,0.7372804535228737,23,7,649733.0,649733.0,92819.0,1.1666666666666667,23,6494.0,4216.0,64.92146586861493,28.57142857142857,0.596406845952176,927.7142857142857,73.0,16.571428571428573,0.0,0.0,0.0,0.0,100.0,78.0,0.7142857142857143,0.2857142857142857,0.2857142857142857,108288.83333333333,4383140.62,1299466.0,194877.74,40.0,0.0,10.0,69.38429317372298,0,0,0
C0147,Gold,2025-02-09,46,Male,Bengaluru,Student,Low,7,555210,79315.71,Bose,0.38,0.08,1.17,High,0,No,Critical,Low,Audio,Bose,Offline,2,3,0.5916727756969373,27.0,0.6004682835386228,1,7,555210.0,555210.0,79315.71428571429,1.1666666666666667,1,5549.0,2088.0,37.62840144597513,71.42857142857143,0.3164115770322601,792.7142857142857,87.0,27.428571428571427,0.0,0.0,0.0,0.0,100.0,78.0,0.5714285714285714,0.42857142857142855,0.2857142857142857,92535.0,1617367.39,1110420.0,166542.12,10.0,0.0,10.0,71.42568028919503,0,0,1
C0148,Gold,2019-12-24,23,Female,Pune,CA,Medium,7,759500,108500.0,Samsung,0.45,0.03,1.17,Medium,10,No,Needs Attention,Low,Audio,Samsung,App,3,3,0.9821410301041575,26.0,0.26874847942109603,11,7,759500.0,759500.0,108500.0,1.1666666666666667,11,7591.0,3387.0,44.61862726305016,57.14285714285714,0.3669953403759938,1084.4285714285713,72.0,19.285714285714285,0.0,0.0,0.0,0.0,100.0,66.0,0.8571428571428571,0.14285714285714285,0.2857142857142857,126583.33333333333,10006061.6,1519000.0,227816.13,40.0,0.0,10.0,69.22372545261003,0,0,1
C0149,Silver,2020-02-08,29,Male,Delhi,Doctor,Medium,8,789633,98704.12,Sony,0.46,0.03,1.33,High,0,No,Needs Attention,Low,Audio,Sony,Offline,4,3,0.8749999971146099,23.428571428571427,0.7845616035231615,1,8,789633.0,789633.0,98704.125,1.3333333333333333,1,7894.0,3597.0,45.56625279254339,50.0,0.38631725874093303,986.75,85.0,14.375,0.0,0.0,0.0,0.0,100.0,78.0,0.5,0.5,0.375,131605.5,10204155.4,1579266.0,236853.93,40.0,0.0,10.0,65.51325055850867,0,0,0
C0150,Bronze,2023-04-25,28,Male,Delhi,Business,Low,6,581797,96966.17,Google Nest,0.51,0.04,1.0,Medium,11,No,Needs Attention,Low,Security,Google Nest,App,4,3,0.8962406222948989,28.8,0.6968409239535925,12,6,581797.0,581797.0,96966.16666666667,1.0,12,5815.0,2991.0,51.43594144207061,33.33333333333333,0.4505196558961897,969.1666666666666,53.0,15.0,0.0,0.0,0.0,0.0,100.0,66.0,0.6666666666666666,0.3333333333333333,0.0,96966.16666666667,3784667.14,1163594.0,174509.19,40.0,0.0,10.0,55.58718828841412,0,0,0
C0151,Silver,2024-07-19,24,Female,Ahmedabad,Student,Medium,8,511882,63985.25,Sony,0.28,0.26,1.33,High,30,No,Critical,Low,TV,Sony,App,3,2,0.8194483691420859,21.428571428571427,0.3968066856694835,31,8,511882.0,511882.0,63985.25,1.3333333333333333,31,5115.0,1411.0,27.58553269289241,50.0,0.24264832288452567,639.375,98.0,18.5,0.0,0.0,0.0,0.0,100.0,78.0,0.75,0.25,0.125,85313.66666666667,2065746.93,1023764.0,153550.49,10.0,0.0,10.0,61.91710653857848,0,0,0
C0152,Gold,2025-04-24,59,Female,Mumbai,Student,Medium,7,666985,95283.57,Sony,0.45,0.13,1.17,High,19,No,Needs Attention,Low,Audio,Sony,App,5,4,0.9629610616878398,21.666666666666668,0.43842093841122753,20,7,666985.0,666985.0,95283.57142857143,1.1666666666666667,20,6666.0,3012.0,45.184518384061626,42.857142857142854,0.4115316294418204,952.2857142857143,77.0,20.571428571428573,0.0,0.0,0.0,0.0,100.0,78.0,1.0,0.0,0.14285714285714285,111164.16666666667,1672712.55,1333970.0,200065.38,40.0,0.0,10.0,72.93690367681232,0,0,1
C0153,Gold,2023-04-15,43,Female,Ahmedabad,Student,Low,5,356844,71368.8,Google Nest,0.48,0.0,0.83,Medium,21,No,Needs Attention,Low,Smart Home,Google Nest,App,3,2,0.8649735179872096,12.75,0.4884400690066881,22,5,356844.0,356844.0,71368.8,0.8333333333333334,22,3567.0,1698.0,47.60302762096151,60.0,0.38131596590766687,713.4,45.0,17.2,0.0,0.0,0.0,0.0,100.0,66.0,0.8,0.2,0.0,59474.0,2340857.56,713688.0,107036.22,40.0,0.0,10.0,69.8206055241923,0,0,1
C0154,Bronze,2021-04-26,56,Male,Delhi,Doctor,Low,4,171249,42812.25,Samsung,0.34,0.05,0.67,Medium,13,No,Critical,Low,TV,Samsung,Offline,2,2,0.8112781215737428,42.666666666666664,0.7458030990559956,14,4,171249.0,171249.0,42812.25,0.6666666666666666,14,1711.0,578.0,33.781414180120315,25.0,0.2617753611332637,427.75,50.0,24.0,0.0,0.0,0.0,0.0,100.0,66.0,0.5,0.5,0.5,28541.5,1797587.04,342498.0,51368.92,10.0,0.0,10.0,52.05628283602406,0,0,0
C0155,Platinum,2023-01-07,34,Female,Delhi,Doctor,Low,6,813600,135600.0,Apple,0.48,0.01,1.0,High,28,No,Needs Attention,Low,Audio,Apple,App,5,3,0.9697238967615727,21.6,0.6591250348142078,29,6,813600.0,813600.0,135600.0,1.0,29,8133.0,3865.0,47.5224393858079,33.33333333333333,0.42509898765387266,1355.5,81.0,19.333333333333332,0.0,0.0,0.0,0.0,100.0,78.0,0.6666666666666666,0.3333333333333333,0.0,135600.0,5773719.92,1627200.0,244041.35,40.0,0.0,10.0,80.90448787716159,1,0,1
C0156,Silver,2022-01-15,23,Male,Ahmedabad,Student,Low,6,601878,100313.0,Apple,0.51,0.03,1.0,High,57,No,Needs Attention,Low,Audio,Apple,Offline,4,3,0.9591479141418546,22.8,0.5906493662989993,58,6,601878.0,601878.0,100313.0,1.0,58,6016.0,3057.0,50.81449459638549,33.33333333333333,0.4534262823295368,1002.6666666666666,61.0,20.166666666666668,0.0,0.0,0.0,0.0,100.0,78.0,0.3333333333333333,0.6666666666666666,0.0,100313.0,5447799.23,1203756.0,180532.83,40.0,0.0,10.0,66.5628989192771,0,0,0
C0157,Bronze,2025-03-12,29,Female,Mumbai,CA,Low,7,574172,82024.57,Sony,0.51,0.06,1.17,Medium,5,No,Needs Attention,Low,Audio,Sony,App,3,2,0.8699155270429084,24.333333333333332,0.7509070786874329,6,7,574172.0,574172.0,82024.57142857143,1.1666666666666667,6,5739.0,2945.0,51.3155601127103,85.71428571428571,0.4550370821152085,819.8571428571429,67.0,18.714285714285715,0.0,0.0,0.0,0.0,100.0,66.0,0.8571428571428571,0.14285714285714285,0.2857142857142857,95695.33333333333,1575141.26,1148344.0,172222.15,40.0,0.0,10.0,55.56311202254206,0,0,0
C0158,Gold,2021-11-13,26,Female,Delhi,CA,High,7,651499,93071.29,Samsung,0.47,0.09,1.17,Medium,0,No,Needs Attention,Low,Audio,Samsung,Online,3,1,0.9141008892878475,28.833333333333332,0.5061100071529455,1,7,651499.0,651499.0,93071.28571428571,1.1666666666666667,1,6510.0,3072.0,47.18894001967905,57.14285714285714,0.40183126173730377,930.0,61.0,21.0,0.0,0.0,0.0,0.0,100.0,66.0,0.7142857142857143,0.2857142857142857,0.42857142857142855,108583.16666666667,6121682.6,1302998.0,195418.98,40.0,0.0,10.0,69.7377880039358,0,0,1
C0159,Gold,2019-10-23,56,Male,Bengaluru,Manager,Medium,4,286604,71651.0,Sony,0.44,0.07,0.67,Medium,2,No,Needs Attention,Low,Audio,Sony,App,2,2,0.8112781215737428,52.0,0.3775791156161752,3,4,286604.0,286604.0,71651.0,0.6666666666666666,3,2864.0,1247.0,43.54050264126919,0.0,0.38076335761598973,716.0,29.0,7.75,0.0,0.0,0.0,0.0,65.75,57.779999999999994,1.0,0.0,0.5,47767.333333333336,3873175.48,573208.0,85968.73,40.0,0.0,10.0,66.54210052825384,0,0,1
C0160,Gold,2024-09-01,57,Male,Pune,Engineer,Low,9,781863,86873.67,Apple,0.38,0.02,1.5,Medium,15,No,Critical,Low,Audio,Apple,App,4,3,0.9182958311690994,20.625,0.7222380871081459,16,9,781863.0,781863.0,86873.66666666667,1.5,16,7813.0,2998.0,38.37194414645854,44.44444444444444,0.3254804035115835,868.1111111111111,99.0,16.22222222222222,0.0,0.0,0.0,0.0,100.0,66.0,0.7777777777777778,0.2222222222222222,0.2222222222222222,130310.5,2966905.18,1563726.0,234528.92,10.0,0.0,10.0,67.97438882929171,0,0,1
C0161,Platinum,2020-08-04,25,Male,Mumbai,Engineer,Medium,4,555174,138793.5,Google Nest,0.38,0.0,0.67,Medium,0,No,Critical,Low,Security,Google Nest,Online,2,1,0.99999999711461,17.666666666666668,0.07197566955742697,1,4,555174.0,555174.0,138793.5,0.6666666666666666,1,5549.0,2105.0,37.93476295200079,25.0,0.3108387473259912,1387.25,43.0,22.0,0.0,0.0,0.0,0.0,100.0,66.0,0.75,0.25,0.5,92529.0,6633208.31,1110348.0,166531.15,10.0,0.0,10.0,75.38695259040016,0,0,1
C0162,Platinum,2020-06-28,41,Female,Ahmedabad,CA,Low,9,1111410,123490.0,Samsung,0.43,0.19,1.5,High,29,No,Needs Attention,Low,Smartphone,Samsung,App,4,3,0.9182958311690994,18.5,0.6910555819061266,30,9,1111410.0,1111410.0,123490.0,1.5,30,11109.0,4780.0,43.028175314584416,55.55555555555556,0.40798907442131355,1234.3333333333333,106.0,17.77777777777778,0.0,0.0,0.0,0.0,100.0,78.0,0.5555555555555556,0.4444444444444444,0.2222222222222222,185235.0,13504278.11,2222820.0,333375.2,40.0,0.0,10.0,80.0056350629169,1,0,1
C0163,Silver,2022-12-30,52,Female,Bengaluru,Manager,High,4,289440,72360.0,Samsung,0.14,0.2,0.67,Medium,57,No,Critical,Low,Audio,Samsung,Online,2,1,0.8112781215737428,23.666666666666668,0.3731674845919351,58,4,289440.0,289440.0,72360.0,0.6666666666666666,58,2892.0,406.0,14.038727475661384,25.0,0.09975429950920318,723.0,48.0,13.5,0.0,0.0,0.0,0.0,100.0,66.0,0.75,0.25,0.25,48240.0,2066692.73,578880.0,86827.94,10.0,0.0,10.0,55.60774549513228,0,0,0
C0164,Silver,2025-06-09,22,Male,Delhi,Business,Medium,4,349950,87487.5,Google Nest,0.28,0.04,0.67,Medium,64,No,Critical,Low,Smart Home,Google Nest,Offline,1,1,0.0,27.666666666666668,1.2488321461222496,65,4,349950.0,349950.0,87487.5,0.6666666666666666,65,3498.0,980.0,28.016009067993114,25.0,0.21495942045413596,874.5,58.0,24.25,0.0,0.0,0.0,0.0,100.0,66.0,0.25,0.75,0.0,58325.0,789483.37,699900.0,104975.2,10.0,0.0,10.0,58.40320181359862,0,1,0
C0165,Gold,2023-03-30,45,Male,Hyderabad,Doctor,Low,5,526488,105297.6,Apple,0.45,0.01,0.83,Medium,7,No,Needs Attention,Low,Audio,Apple,App,3,3,0.8649735179872096,42.5,0.07721039362357181,8,5,526488.0,526488.0,105297.6,0.8333333333333334,8,5262.0,2375.0,45.13492959875536,40.0,0.3809141934548289,1052.4,52.0,20.8,0.0,0.0,0.0,0.0,100.0,66.0,0.8,0.2,0.2,87748.0,3499829.88,1052976.0,157922.65,40.0,0.0,10.0,69.32698591975107,0,0,1
C0166,Bronze,2019-09-22,27,Male,Bengaluru,Manager,Low,7,435883,62269.0,Samsung,0.42,0.22,1.17,Medium,62,No,Needs Attention,Low,Audio,Samsung,Offline,2,2,0.9852281331488615,18.166666666666668,0.6491296797512511,63,7,435883.0,435883.0,62269.0,1.1666666666666667,63,4355.0,1830.0,42.020665804774595,42.857142857142854,0.361946201815771,622.1428571428571,48.0,14.0,0.0,0.0,0.0,0.0,100.0,66.0,0.5714285714285714,0.42857142857142855,0.5714285714285714,72647.16666666667,5964526.31,871766.0,130746.6,40.0,0.0,10.0,53.70413316095492,0,1,0
C0167,Gold,2023-06-05,40,Female,Delhi,Student,Medium,7,582207,83172.43,Samsung,0.29,0.18,1.17,Medium,49,No,Critical,Low,TV,Samsung,Offline,3,2,0.8699155270429084,18.0,1.0890579734151185,50,7,582207.0,582207.0,83172.42857142857,1.1666666666666667,50,5819.0,1705.0,29.300567057397203,71.42857142857143,0.23543220072434107,831.2857142857143,76.0,19.714285714285715,0.0,0.0,0.0,0.0,100.0,66.0,0.5714285714285714,0.42857142857142855,0.2857142857142857,97034.5,3656626.58,1164414.0,174645.05,10.0,0.0,10.0,66.16011341147944,0,0,1
C0168,Silver,2021-01-20,54,Male,Ahmedabad,Doctor,Low,10,875737,87573.7,Sony,0.3,0.19,1.67,High,48,No,Critical,Low,TV,Sony,App,3,3,0.8586727083425374,14.444444444444445,0.44710205248624924,49,10,875737.0,875737.0,87573.7,1.6666666666666667,49,8753.0,2595.0,29.646978145039444,70.0,0.2615663740937744,875.3,102.0,24.5,0.0,0.0,0.0,0.0,100.0,78.0,0.7,0.3,0.3,145956.16666666666,9652887.51,1751474.0,262695.15,10.0,0.0,10.0,62.32939562900789,1,0,0
C0169,Silver,2021-11-06,56,Female,Ahmedabad,Student,High,9,870288,96698.67,Google Nest,0.42,0.09,1.5,High,19,No,Needs Attention,Low,Security,Google Nest,Online,4,3,0.8763576366044623,18.625,0.9392334318241444,20,9,870288.0,870288.0,96698.66666666667,1.5,20,8698.0,3614.0,41.54978151120973,22.22222222222222,0.35831846087812963,966.4444444444445,93.0,18.555555555555557,0.0,0.0,0.0,0.0,100.0,78.0,0.7777777777777778,0.2222222222222222,0.2222222222222222,145048.0,8210848.59,1740576.0,261050.26,40.0,0.0,10.0,64.70995630224195,1,0,0
C0170,Silver,2022-11-15,38,Male,Pune,CA,Low,4,273318,68329.5,Bose,0.31,0.36,0.67,Medium,51,No,Critical,Low,Audio,Bose,Online,4,3,0.9999999971146099,36.666666666666664,0.8595554738957305,52,4,273318.0,273318.0,68329.5,0.6666666666666666,52,2730.0,856.0,31.355311240456736,25.0,0.26783479265383353,682.5,55.0,13.5,0.0,0.0,0.0,0.0,100.0,66.0,0.75,0.25,0.5,45553.0,2018923.93,546636.0,81986.84,10.0,0.0,10.0,59.071062248091344,0,0,0
C0171,Silver,2025-02-26,38,Male,Delhi,Manager,High,8,805297,100662.12,Sony,0.25,0.14,1.33,Medium,33,No,Critical,Low,TV,Sony,Online,4,3,0.9528195282293931,19.857142857142858,0.8926136757909768,34,8,805297.0,805297.0,100662.125,1.3333333333333333,34,8049.0,2037.0,25.307491582423292,62.5,0.21095691775998662,1006.125,96.0,18.375,0.0,0.0,0.0,0.0,100.0,66.0,0.75,0.25,0.625,134216.16666666666,2270926.52,1610594.0,241568.73,10.0,0.0,10.0,57.861498316484656,1,0,0
C0172,Gold,2021-04-06,31,Male,Delhi,Business,Low,6,855247,142541.17,Samsung,0.61,0.14,1.0,Medium,17,No,Needs Attention,Low,Audio,Samsung,Online,3,2,0.9206198329835873,32.0,0.8475145880621715,18,6,855247.0,855247.0,142541.16666666666,1.0,18,8550.0,5178.0,60.56140343793987,33.33333333333333,0.5635611661258586,1425.0,40.0,17.166666666666668,0.0,0.0,0.0,0.0,97.16666666666667,65.32,0.8333333333333334,0.16666666666666666,0.16666666666666666,142541.16666666666,9071120.82,1710494.0,256522.32,40.0,0.0,10.0,72.20828068758797,1,0,1
C0173,Gold,2023-03-16,55,Male,Pune,Business,Medium,4,423412,105853.0,Samsung,0.42,0.19,0.67,Medium,68,No,Needs Attention,Low,Audio,Samsung,App,3,2,0.9463946276264684,35.666666666666664,0.49145367530343304,69,4,423412.0,423412.0,105853.0,0.6666666666666666,69,4232.0,1772.0,41.871455477619435,25.0,0.350544015132455,1058.0,62.0,15.75,0.0,0.0,0.0,0.0,100.0,66.0,0.75,0.25,0.75,70568.66666666667,2847090.68,846824.0,127005.88,40.0,0.0,10.0,68.67429109552388,0,1,1
C0174,Gold,2024-09-20,40,Female,Pune,CA,Low,6,328538,54756.33,Apple,0.41,0.01,1.0,Medium,10,No,Needs Attention,Low,Audio,Apple,App,3,3,0.9206198329835873,29.6,0.9466558341339432,11,6,328538.0,328538.0,54756.333333333336,1.0,11,3282.0,1337.0,40.73735514705254,33.33333333333333,0.3509186342495574,547.0,85.0,17.666666666666668,0.0,0.0,0.0,0.0,100.0,66.0,0.6666666666666666,0.3333333333333333,0.16666666666666666,54756.333333333336,1212509.85,657076.0,98548.03,40.0,0.0,10.0,68.44747102941051,0,0,1
C0175,Platinum,2021-10-19,55,Male,Delhi,CA,Medium,7,571444,81634.86,Samsung,0.56,0.0,1.17,Medium,20,No,Needs Attention,Low,Audio,Samsung,Offline,4,3,0.9211854937031643,16.166666666666668,0.513602298415517,21,7,571444.0,571444.0,81634.85714285714,1.1666666666666667,21,5711.0,3197.0,55.979688222763635,57.14285714285714,0.5085905178037059,815.8571428571429,68.0,22.571428571428573,0.0,0.0,0.0,0.0,100.0,66.0,0.2857142857142857,0.7142857142857143,0.42857142857142855,95240.66666666667,5447687.91,1142888.0,171401.23,40.0,0.0,10.0,78.99593764455273,0,0,1
C0176,Platinum,2020-09-24,40,Male,Bengaluru,Business,Low,8,715455,89431.88,Sony,0.5,0.21,1.33,High,0,No,Needs Attention,Low,TV,Sony,App,2,1,0.8112781215737428,25.571428571428573,1.115975356550868,1,8,715455.0,715455.0,89431.875,1.3333333333333333,1,7150.0,3581.0,50.083916013868645,37.5,0.460875160282014,893.75,99.0,20.5,0.0,0.0,0.0,0.0,100.0,78.0,0.875,0.125,0.125,119242.5,8348444.11,1430910.0,214600.69,40.0,0.0,10.0,81.41678320277373,0,0,1
C0177,Gold,2023-04-07,53,Male,Hyderabad,Doctor,Low,4,316988,79247.0,Google Nest,0.4,0.03,0.67,Medium,34,No,Needs Attention,Low,Smart Home,Google Nest,App,3,2,0.9463946276264684,35.333333333333336,0.8099430761855958,35,4,316988.0,316988.0,79247.0,0.6666666666666666,35,3167.0,1264.0,39.91158812784468,25.0,0.33733653499509864,791.75,50.0,11.5,0.0,0.0,0.0,0.0,100.0,66.0,1.0,0.0,0.5,52831.333333333336,2093292.42,633976.0,95083.76,40.0,0.0,10.0,68.28231762556894,0,0,1
C0178,Gold,2025-06-13,40,Female,Pune,Engineer,Medium,9,1063472,118163.56,Apple,0.32,0.09,1.5,High,0,No,Critical,Low,Audio,Apple,Offline,3,2,0.9656336044121073,19.625,0.601902655160461,1,9,1063472.0,1063472.0,118163.55555555556,1.5,1,10632.0,3379.0,31.78141456754946,44.44444444444444,0.2810680416893462,1181.3333333333333,124.0,19.11111111111111,0.0,0.0,0.0,0.0,100.0,78.0,0.5555555555555556,0.4444444444444444,0.1111111111111111,177245.33333333334,2375888.16,2126944.0,319007.81,10.0,0.0,10.0,70.25628291350989,1,0,1
C0179,Silver,2020-09-30,55,Female,Pune,Student,Medium,6,545857,90976.17,Samsung,0.24,0.08,1.0,Medium,5,No,Critical,Low,TV,Samsung,Online,5,3,0.9697238967615727,34.6,0.7143054396619599,6,6,545857.0,545857.0,90976.16666666667,1.0,6,5454.0,1291.0,23.670700359973047,50.0,0.19072241070952517,909.0,65.0,23.5,0.0,0.0,0.0,0.0,100.0,66.0,0.6666666666666666,0.3333333333333333,0.3333333333333333,90976.16666666667,6351518.82,1091714.0,163744.19,10.0,0.0,10.0,57.53414007199461,0,0,0
C0180,Platinum,2021-08-04,34,Female,Ahmedabad,Doctor,Medium,5,506257,101251.4,Apple,0.26,0.28,0.83,Medium,36,No,Critical,Low,Audio,Apple,App,2,2,0.9709505915692787,31.0,0.4868183475261019,37,5,506257.0,506257.0,101251.4,0.8333333333333334,37,5060.0,1329.0,26.26482208248059,100.0,0.20985314983443368,1012.0,52.0,14.2,0.0,0.0,0.0,0.0,100.0,66.0,0.6,0.4,0.2,84376.16666666667,5036927.96,1012514.0,151863.81,10.0,0.0,10.0,73.05296441649611,0,0,1
C0181,Gold,2021-09-08,58,Female,Delhi,Engineer,Low,8,728347,91043.38,Google Nest,0.41,0.04,1.33,High,9,No,Needs Attention,Low,Smart Home,Google Nest,Online,3,2,0.8194483691420859,20.857142857142858,1.1776138373756007,10,8,728347.0,728347.0,91043.375,1.3333333333333333,10,7279.0,2969.0,40.7885698024611,50.0,0.36084103018857433,909.875,73.0,23.125,0.0,0.0,0.0,0.0,100.0,78.0,0.875,0.125,0.25,121391.16666666667,7106991.67,1456694.0,218474.41,40.0,0.0,10.0,72.05771396049222,0,0,1
C0182,Gold,2021-09-04,34,Male,Ahmedabad,CA,High,6,681265,113544.17,Apple,0.48,0.11,1.0,Medium,22,No,Needs Attention,Low,Smartphone,Apple,App,4,2,0.8962406222948989,27.8,0.6608059086167164,23,6,681265.0,681265.0,113544.16666666667,1.0,23,6810.0,3273.0,48.06167393823543,100.0,0.41790091877183233,1135.0,39.0,15.833333333333334,0.0,0.0,0.0,0.0,93.83333333333333,64.52,0.6666666666666666,0.3333333333333333,0.16666666666666666,113544.16666666667,6662501.25,1362530.0,204346.77,40.0,0.0,10.0,69.46833478764708,0,0,1
C0183,Silver,2025-02-26,54,Female,Hyderabad,Engineer,High,7,657729,93961.29,Sony,0.38,0.13,1.17,High,93,No,Critical,Low,Gaming,Sony,App,4,2,0.8322488867148407,11.166666666666666,0.3208608312093099,94,7,657729.0,657729.0,93961.28571428571,1.1666666666666667,94,6574.0,2501.0,38.04380888645603,57.14285714285714,0.3269708454347355,939.1428571428571,99.0,23.142857142857142,0.0,0.0,0.0,0.0,100.0,78.0,0.7142857142857143,0.2857142857142857,0.5714285714285714,109621.5,1854786.78,1315458.0,197293.69,10.0,0.0,10.0,64.0087617772912,0,1,0
C0184,Bronze,2020-02-16,22,Female,Delhi,Engineer,Medium,8,703779,87972.38,Apple,0.33,0.24,1.33,Medium,65,No,Critical,Low,Watch,Apple,Offline,4,3,0.8749999971146099,16.0,0.49413506417324365,66,8,703779.0,703779.0,87972.375,1.3333333333333333,66,7034.0,2344.0,33.32385551133942,37.5,0.28529698115226754,879.25,71.0,11.625,0.0,0.0,0.0,0.0,100.0,66.0,0.5,0.5,0.25,117296.5,9063864.25,1407558.0,211110.26,10.0,0.0,10.0,51.96477110226788,0,1,0
C0185,Platinum,2021-03-24,60,Male,Delhi,Doctor,High,10,1043071,104307.1,Bose,0.49,0.02,1.67,High,2,No,Needs Attention,Low,Audio,Bose,Online,4,3,0.8804820208364506,18.77777777777778,0.6553542589948066,3,10,1043071.0,1043071.0,104307.1,1.6666666666666667,3,10426.0,5127.0,49.17513902822258,50.0,0.45315538231115843,1042.6,92.0,17.1,0.0,0.0,0.0,0.0,100.0,78.0,0.7,0.3,0.3,173845.16666666666,11137513.76,2086142.0,312870.03,40.0,0.0,10.0,81.23502780564452,1,0,1
C0186,Platinum,2021-03-13,50,Male,Hyderabad,Student,Medium,8,919913,114989.12,Apple,0.33,0.06,1.33,Medium,16,No,Critical,Low,Watch,Apple,Offline,4,2,0.8749999971146099,22.285714285714285,0.6329795062523549,17,8,919913.0,919913.0,114989.125,1.3333333333333333,17,9195.0,2992.0,32.53942356439432,25.0,0.27649939906062343,1149.375,68.0,19.375,0.0,0.0,0.0,0.0,100.0,66.0,0.375,0.625,0.25,153318.83333333334,9877888.53,1839826.0,275943.98,10.0,0.0,10.0,74.30788471287886,1,0,1
C0187,Gold,2020-03-01,44,Female,Mumbai,Student,High,8,640148,80018.5,Sony,0.59,0.01,1.33,Medium,4,No,Needs Attention,Low,Audio,Sony,App,5,3,0.9690222525584598,19.714285714285715,0.5480250856952598,5,8,640148.0,640148.0,80018.5,1.3333333333333333,5,6396.0,3745.0,58.55222004604094,50.0,0.5414196898345819,799.5,94.0,20.875,0.0,0.0,0.0,0.0,100.0,66.0,0.75,0.25,0.125,106691.33333333333,8195296.5,1280296.0,192006.95,40.0,0.0,10.0,72.01044400920819,0,0,1
C0188,Gold,2024-12-26,57,Male,Mumbai,Student,High,5,495855,99171.0,Samsung,0.47,0.14,0.83,Medium,56,No,Needs Attention,Low,Audio,Samsung,App,3,2,0.9602297151300435,22.75,0.10174762549063772,57,5,495855.0,495855.0,99171.0,0.8333333333333334,57,4957.0,2332.0,47.0445833224842,60.0,0.4029721783256054,991.4,54.0,8.4,0.0,0.0,0.0,0.0,100.0,66.0,0.8,0.2,0.0,82642.5,1566643.86,991710.0,148733.18,40.0,0.0,10.0,69.70891666449684,0,0,1
C0189,Silver,2020-07-09,29,Male,Bengaluru,Business,Low,7,783386,111912.29,Bose,0.41,0.05,1.17,Medium,60,No,Needs Attention,Low,Speaker,Bose,App,4,3,0.8322488867148407,16.0,0.7822919242016031,61,7,783386.0,783386.0,111912.28571428571,1.1666666666666667,61,7831.0,3183.0,40.64614986509239,42.857142857142854,0.35477039639459385,1118.7142857142858,92.0,23.857142857142858,0.0,0.0,0.0,0.0,100.0,66.0,0.7142857142857143,0.2857142857142857,0.14285714285714285,130564.33333333333,9471410.2,1566772.0,234983.97,40.0,0.0,10.0,60.92922997301848,0,1,0
C0190,Gold,2023-08-14,39,Female,Mumbai,Doctor,High,4,326714,81678.5,Samsung,0.35,0.0,0.67,Medium,40,No,Critical,Low,Audio,Samsung,Online,4,2,0.9999999971146099,25.666666666666668,0.2537159595387596,41,4,326714.0,326714.0,81678.5,0.6666666666666666,41,3264.0,1147.0,35.14093126488685,25.0,0.26526364415988984,816.0,66.0,16.5,0.0,0.0,0.0,0.0,100.0,66.0,0.75,0.25,0.75,54452.333333333336,1926740.47,653428.0,98002.73,10.0,0.0,10.0,67.32818625297736,0,0,1
C0191,Silver,2022-05-29,56,Female,Pune,CA,Low,4,248588,62147.0,Samsung,0.61,0.11,0.67,Medium,0,No,Needs Attention,Low,Smartphone,Samsung,Online,3,1,0.9463946276264684,48.666666666666664,1.1812470683478535,1,4,248588.0,248588.0,62147.0,0.6666666666666666,1,2483.0,1509.0,60.77325791069972,50.0,0.5268854730206513,620.75,22.0,21.5,0.0,0.0,0.0,0.0,65.5,57.72,0.75,0.25,0.5,41431.333333333336,2067653.23,497176.0,74561.31,40.0,0.0,10.0,62.47065158213995,0,0,0
C0192,Bronze,2021-12-07,48,Female,Ahmedabad,Doctor,Medium,8,867057,108382.12,Sony,0.65,0.02,1.33,High,17,No,Needs Attention,Low,Gaming,Sony,Offline,3,2,0.8868595044121972,22.857142857142858,0.7467797411172837,18,8,867057.0,867057.0,108382.125,1.3333333333333333,18,8666.0,5652.0,65.22040149409139,62.5,0.5962654282136666,1083.25,95.0,21.125,0.0,0.0,0.0,0.0,100.0,78.0,0.625,0.375,0.375,144509.5,8033185.18,1734114.0,260060.58,40.0,0.0,10.0,61.94408029881828,1,0,0
C0193,Platinum,2019-09-23,51,Male,Pune,Student,High,10,871198,87119.8,Sony,0.38,0.08,1.67,High,15,No,Critical,Low,Audio,Sony,App,5,3,0.8445412433520398,17.11111111111111,0.6110733518559462,16,10,871198.0,871198.0,87119.8,1.6666666666666667,16,8706.0,3281.0,37.68665283978101,50.0,0.3253991864272546,870.6,106.0,19.1,0.0,0.0,0.0,0.0,100.0,78.0,0.8,0.2,0.4,145199.66666666666,11916509.81,1742396.0,261326.59,10.0,0.0,10.0,78.93733056795621,1,0,1
C0194,Gold,2020-07-22,30,Male,Pune,Manager,Medium,4,440644,110161.0,Samsung,0.34,0.29,0.67,Medium,58,No,Critical,Low,Audio,Samsung,App,4,2,0.9999999971146099,38.666666666666664,0.9480382635790191,59,4,440644.0,440644.0,110161.0,0.6666666666666666,59,4404.0,1490.0,33.832879123903545,25.0,0.29124315814846924,1101.0,36.0,18.75,0.0,0.0,0.0,0.0,90.75,63.78000000000001,0.75,0.25,0.5,73440.66666666667,5296172.92,881288.0,132178.3,10.0,0.0,10.0,66.4005758247807,0,0,1
C0195,Bronze,2020-09-21,34,Female,Ahmedabad,CA,Medium,6,533699,88949.83,Apple,0.2,0.34,1.0,Medium,66,No,Critical,Low,Smartphone,Apple,App,4,3,0.8962406222948989,22.6,0.6549818119754868,67,6,533699.0,533699.0,88949.83333333333,1.0,67,5335.0,1084.0,20.318650383657637,50.0,0.15760395440883404,889.1666666666666,49.0,30.833333333333332,0.0,0.0,0.0,0.0,100.0,66.0,0.6666666666666666,0.3333333333333333,0.0,88949.83333333333,6236351.35,1067398.0,160098.86,10.0,0.0,10.0,49.36373007673153,0,1,0
C0196,Platinum,2025-01-07,24,Female,Ahmedabad,Engineer,Low,10,903744,90374.4,Bose,0.37,0.16,1.67,High,19,No,Critical,Low,Speaker,Bose,Online,4,3,0.8427376457282771,16.0,0.9817549959281842,20,10,903744.0,903744.0,90374.4,1.6666666666666667,20,9032.0,3318.0,36.736049560743965,70.0,0.31563926910612705,903.2,82.0,21.3,0.0,0.0,0.0,0.0,100.0,78.0,0.7,0.3,0.4,150624.0,2795977.33,1807488.0,271090.02,10.0,0.0,10.0,78.7472099121488,1,0,1
C0197,Platinum,2022-04-28,31,Male,Bengaluru,Manager,Medium,7,584800,83542.86,Sony,0.44,0.07,1.17,High,7,No,Needs Attention,Low,TV,Sony,App,3,2,0.8699155270429084,28.666666666666668,0.6364080867578884,8,7,584800.0,584800.0,83542.85714285714,1.1666666666666667,8,5845.0,2558.0,43.76390069501471,42.857142857142854,0.35498195898559265,835.0,77.0,22.428571428571427,0.0,0.0,0.0,0.0,100.0,78.0,0.5714285714285714,0.42857142857142855,0.14285714285714285,97466.66666666667,4963394.93,1169600.0,175414.42,40.0,0.0,10.0,80.15278013900294,0,0,1
C0198,Bronze,2023-10-23,36,Female,Bengaluru,CA,Medium,5,405198,81039.6,Google Nest,0.41,0.01,0.83,Medium,21,No,Needs Attention,Low,Security,Google Nest,Offline,4,3,0.960964044558291,36.25,0.6072144613563132,22,5,405198.0,405198.0,81039.6,0.8333333333333334,22,4050.0,1642.0,40.54320977643652,40.0,0.3039052372683597,810.0,27.0,24.6,0.0,0.0,0.0,0.0,78.6,60.864,0.4,0.6,0.6,67533.0,2234274.53,810396.0,121542.98,40.0,0.0,10.0,51.867841955287304,0,0,0
C0199,Bronze,2020-11-14,45,Male,Pune,CA,Medium,7,576918,82416.86,Bose,0.27,0.02,1.17,Medium,20,No,Critical,Low,Audio,Bose,App,2,1,0.863120565681241,25.5,0.6304526955297919,21,7,576918.0,576918.0,82416.85714285714,1.1666666666666667,21,5765.0,1584.0,27.47614912840217,57.14285714285714,0.22363405305148376,823.5714285714286,60.0,25.142857142857142,0.0,0.0,0.0,0.0,100.0,66.0,0.5714285714285714,0.42857142857142855,0.5714285714285714,96153.0,6570784.07,1153836.0,173059.56,10.0,0.0,10.0,50.79522982568043,0,0,0
C0200,Platinum,2022-07-22,50,Male,Delhi,Doctor,High,7,797916,113988.0,Google Nest,0.3,0.03,1.17,Medium,7,No,Critical,Low,Smart Home,Google Nest,Online,2,1,0.863120565681241,27.5,0.7802534773472612,8,7,797916.0,797916.0,113988.0,1.1666666666666667,8,7975.0,2372.0,29.742946671168717,57.14285714285714,0.2550537631666089,1139.2857142857142,35.0,10.714285714285714,0.0,0.0,0.0,0.0,80.71428571428571,61.37142857142857,0.7142857142857143,0.2857142857142857,0.42857142857142855,132986.0,6400804.6,1595832.0,239351.08,10.0,0.0,10.0,72.36001790566232,0,0,1
